,PORT_BEGIN,PORT_END,NUM_PORT
3367,营口,宁波,5865
1858,日照,铁山,5116
3733,钦州,宁波,4979
1710,新港,南沙,4901
3420,营口,福清,4828
3349,营口,南沙,4549
3440,营口,钦州,3127
101,上海,烟台,2673
2206,泉州,营口,2449
3451,营口,马尾,2391
3409,营口,深圳（大铲湾）,2303
3333,营口,上海,2282
3405,营口,海口,2253
4043,防城,营口,2234
3399,营口,汕头,2042
4374,黄骅,三埠,1926
3402,营口,泉州,1889
1789,新港,鱼珠,1875
92,上海,武汉,1854
1751,新港,深圳（大铲湾）,1849
3413,营口,漳州,1747
772,唐山,顺乐,1687
4405,黄骅,常州,1641
1714,新港,厦门,1563
3742,钦州,日照,1525
1749,新港,泉州,1503
3864,锦州,宁波,1493
1662,扬州,营口,1488
107,上海,营口,1475
3670,连云港,防城,1471
3938,锦州,顺乐,1463
3651,连云港,深圳（大铲湾）,1423
771,唐山,防城,1355
2162,泉州,南庄,1342
1222,宜昌,营口,1312
257,乐从,营口,1311
3838,锦州,乐从,1281
2080,汕头,营口,1272
2730,烟台,营口,1266
956,太仓,虎门,1254
3391,营口,新沙,1241
1747,新港,汕头,1240
1777,新港,钦州,1233
3353,营口,厦门,1218
468,南沙,新港,1211
1762,新港,福清,1210
2546,湛江,新港,1207
67,三水,防城,1190
4279,高明,营口,1190
4268,高明,新港,1179
2679,烟台,上海,1175
1778,新港,铁山,1158
1836,日照,深圳（大铲湾）,1151
721,唐山,南沙,1145
1750,新港,海口,1145
812,四会,防城,1136
2346,海口,太仓,1122
1339,小铲滩,宁波,1117
3447,营口,阳江,1114
2853,盘锦,马尾,1105
4403,黄骅,小铲滩,1098
2348,海口,威海,1087
3763,钦州,连云港,1085
716,唐山,乐从,1083
1495,张家口,泉州,1083
3757,钦州,盘锦,1083
476,南沙,营口,1054
3720,钦州,上海,1039
1691,新沙,梧州（李家庄）,1034
3286,荆州,营口,1032
1034,宁德,鹤山,1029
311,云浮,曹妃甸,967
1729,新港,小铲滩,959
2757,珠海（高栏）,太仓,957
1973,梧州（李家庄）,日照,954
3458,营口,黄埔旧港,919
2687,烟台,南沙,913
2376,海口,长兴,897
1754,新港,湛江,887
2905,福清,九江（顺德）,884
2331,洋浦港,黄埔旧港,883
2482,深圳（大铲湾）,防城,878
3355,营口,台山,875
3363,营口,太仓,873
3455,营口,鸦岗,862
3334,营口,东江仓,856
3339,营口,乐从,855
3365,营口,威海,852
2320,洋浦港,新港,851
2528,湛江,南昌,845
1719,新港,四会,838
3412,营口,湛江,828
3352,营口,博罗,819
3803,铁山,芜湖,815
3765,钦州,锦州,813
429,南庄,营口,809
1338,小铲滩,太仓,808
2184,泉州,新港,808
3846,锦州,南沙,803
3450,营口,顺德新港,794
2548,湛江,武汉,790
3693,重庆,太仓,783
4061,阳江,宁波,783
1845,日照,福清,777
3739,钦州,张家港,774
3721,钦州,乍浦,773
3899,锦州,海口,768
548,厦门,乍浦,766
3481,董家口,铁山,758
4388,黄骅,南沙,754
3741,钦州,新港,744
2360,海口,泉州,741
1784,新港,顺乐,737
3445,营口,长沙,735
605,厦门,重庆,730
3930,锦州,钦州,728
3366,营口,宁德,721
3896,锦州,泉州,706
3849,锦州,博罗,703
1098,安吉,上海,701
4115,青岛,深圳（大铲湾）,700
4269,高明,日照,693
3393,营口,日照,692
3398,营口,武汉,691
3761,钦州,营口,691
4154,顺乐,新港,681
3923,锦州,虎门,676
3523,虎门,防城,675
528,博罗,新港,662
3834,锦州,上海,660
2547,湛江,日照,655
4321,鸦岗,营口,646
1793,新港,黄埔旧港,644
3750,钦州,洋浦港,643
210,丹东,青岛,641
3771,钦州,黄骅,633
3920,锦州,花都（炭步）,624
4375,黄骅,三水,624
3571,贵港,海口,623
3430,营口,莱州,620
2327,洋浦港,铁山,614
2841,盘锦,漳州,614
760,唐山,花都巴江,612
4343,鹤山,营口,611
3427,营口,花都（炭步）,610
1799,日照,东江仓,609
3434,营口,贵港,608
3404,营口,泸州,607
3957,镇江,宜宾,606
733,唐山,小榄,602
2542,湛江,岳阳,601
4417,黄骅,清远清新,601
3397,营口,武林,597
1819,日照,宁德,586
3077,紫金村,日照,581
3852,锦州,台山,579
1766,新港,肇庆（三榕）,576
1987,梧州（李家庄）,营口,576
2539,湛江,宁波,575
1694,新港,三水,573
4090,青岛,厦门,568
746,唐山,深圳（大铲湾）,564
466,南沙,宁波,562
767,唐山,钦州,559
1323,小榄,营口,559
3668,连云港,钦州,559
3751,钦州,海口,554
3698,重庆,常州,552
1743,新港,桂平新龙,551
1347,小铲滩,日照,549
4089,青岛,南沙,549
1760,新港,白坭,541
3138,肇庆（三榕）,营口,541
1081,宁波,营口,538
3454,营口,鱼珠,536
1182,宜宾,营口,535
3414,营口,烟台,534
3858,锦州,外沙,532
3390,营口,新会新港,529
2448,淮安,高明,527
3350,营口,南通,527
601,厦门,营口,526
2762,珠海（高栏）,常州,524
4280,高明,连云港,524
3453,营口,高明,523
3213,花都（炭步）,营口,520
3917,锦州,肇庆（新港）,516
1305,小塘西,营口,514
1832,日照,江门亚太,507
737,唐山,惠州,505
3336,营口,中山,505
1772,新港,虎门,493
1487,张家口,厦门,491
3778,铁山,南昌,491
1770,新港,花都（炭步）,487
4162,顺乐,秦皇岛,480
1795,新港,龙通,478
777,唐山,龙通,475
3386,营口,惠州,475
1753,新港,温州,472
3476,董家口,漳州,471
865,大丰,虎门,466
1709,新港,南昌,466
4149,顺乐,唐山,466
1716,新港,台山,459
358,南京,厦门,458
2191,泉州,海口,455
3669,连云港,铁山,452
3941,锦州,高明,452
1046,宁波,南沙,450
3416,营口,珠海（高栏）,449
957,太仓,重庆,446
1914,李锦记,太仓,446
431,南庄,连云港,443
2568,湛江,鹏成,438
3980,镇江,黄埔旧港,438
2950,福清,营口,437
414,南庄,新港,433
2765,珠海（高栏）,扬州,433
165,丹东,双水小冈,428
3723,钦州,南昌,428
3056,秦皇岛,龙通,427
3338,营口,乍浦,426
3887,锦州,新沙,423
4428,黄骅,肇庆（三榕）,423
1359,小铲滩,青岛,422
2990,秦皇岛,南沙,420
3942,锦州,鱼珠,419
1244,宿迁,深圳（大铲湾）,418
1375,岳阳,太仓,418
3368,营口,安吉,416
117,上海,黄埔旧港,414
456,南昌,营口,414
2743,烟台,黄埔旧港,413
4395,黄骅,四会永泰,407
4494,龙通,新港,407
1591,德庆,珠海（高栏）,403
3423,营口,肇庆（三榕）,402
1061,宁波,新港,401
132,中山,唐山,399
4262,高明,宁波,399
479,南沙,铁山,396
3439,营口,重庆,395
441,南昌,南通,394
1997,武林,东江仓,394
3908,锦州,珠海（高栏）,391
3791,铁山,新港,388
3403,营口,泰州,384
2069,武汉,黄埔旧港,383
3429,营口,荆州,382
3905,锦州,漳州,382
579,厦门,新港,379
915,大连,重庆,379
3792,铁山,日照,379
4414,黄骅,海口,378
3559,贵港,小铲滩,377
4499,龙通,海口,377
1566,徐州,虎门,375
1823,日照,小铲滩,374
2555,湛江,潍坊,374
4037,防城,洋浦港,373
3431,营口,虎门,372
3043,秦皇岛,钦州,371
1125,安庆,黄埔旧港,369
3860,锦州,太仓,369
2054,武汉,营口,367
2324,洋浦港,营口,366
3895,锦州,江阴,365
1724,新港,宁德,364
3940,锦州,马尾,363
4392,黄骅,台山,363
317,云浮,营口,361
1829,日照,武林,361
1963,梧州（李家庄）,宁波,359
1527,张家港,虎门,356
1617,惠州,宁波,355
3837,锦州,乍浦,355
3974,镇江,虎门,353
1972,梧州（李家庄）,新港,352
3341,营口,九江（江西）,351
23,三埠,新港,347
2472,深圳（大铲湾）,海口,346
187,丹东,泉州,345
2786,珠海（高栏）,鱼珠,343
1773,新港,贵港,342
2806,白坭,秦皇岛,342
2315,泸州,黄骅,341
807,四会,营口,338
3438,营口,连云港,338
4251,马鞍山,黄埔旧港,337
755,唐山,福清,334
1346,小铲滩,新港,334
2608,漳州,新港,333
2055,武汉,虎门,330
4146,青岛,龙通,330
4338,鹤山,新港,329
1692,新沙,肇庆（新港）,328
3013,秦皇岛,新会新港,327
1011,宁德,嘉兴,326
1027,宁德,福清,326
2511,清远清新,营口,326
3929,锦州,重庆,325
948,太仓,深圳（大铲湾）,324
2851,盘锦,青岛,322
2588,漳州,南昌,321
3166,芜湖,深圳（大铲湾）,320
723,唐山,博罗,319
2628,漳州,营口,319
349,北海,营口,316
1536,张家港,黄埔旧港,316
3793,铁山,曹妃甸,315
2900,福清,东江仓,314
407,南庄,宁波,311
3411,营口,温州,311
1966,梧州（李家庄）,寿光,308
2455,深圳（大铲湾）,唐山,308
3348,营口,南昌,306
3373,营口,小塘西,306
3722,钦州,南京,306
1992,梧州（李家庄）,长兴,305
520,博罗,上海,303
2355,海口,新港,303
757,唐山,绍兴,302
3680,连云港,黄埔旧港,302
3806,铁山,连云港,302
3893,锦州,武汉,301
4371,黄石,营口,300
2790,白坭,唐山,299
4254,高明,南京,298
4018,防城,乍浦,297
1354,小铲滩,营口,296
154,中山,防城,295
1785,新港,顺德新港,295
3876,锦州,常州,295
4000,长兴,营口,292
1480,庙沙围,宁波,290
3422,营口,绍兴,290
1039,宁波,中山,289
1088,宁波,防城,286
4437,黄骅,铁山,286
1857,日照,钦州,285
1833,日照,泉州,284
2855,盘锦,龙通,284
3067,紫金村,宁波,284
4302,鱼珠,营口,284
1788,新港,高明,283
536,博罗,营口,282
2583,漳州,九江（江西）,282
2587,漳州,南庄,281
3054,秦皇岛,黄埔旧港,281
3796,铁山,江阴,281
546,厦门,东洲,280
1976,梧州（李家庄）,泉州,280
1066,宁波,海口,279
2330,洋浦港,鹏成,279
2476,深圳（大铲湾）,秦皇岛,278
3332,营口,三水,278
3874,锦州,小铲滩,278
3966,镇江,深圳（大铲湾）,277
1067,宁波,深圳（大铲湾）,276
1185,宜宾,锦州,276
2210,泉州,重庆,276
2318,洋浦港,宁波,275
3426,营口,花都巴江,275
3894,锦州,汕头,275
2763,珠海（高栏）,开平,274
722,唐山,南鲲,273
3048,秦皇岛,顺乐,273
768,唐山,铁山,272
1827,日照,桂平新龙,272
3125,肇庆（三榕）,日照,272
3851,锦州,双水小冈,272
1427,常德,北海,271
3809,铁山,顺乐,271
1457,常熟,重庆,267
2326,洋浦港,钦州,267
2959,福清,顺德新港,266
597,厦门,绍兴,265
1170,宜宾,江阴,265
3375,营口,小铲滩,264
3124,肇庆（三榕）,新港,263
1775,新港,赤水,262
537,博罗,连云港,258
2934,福清,泉州,258
1499,张家口,肇庆（三榕）,256
2532,湛江,合肥,256
4197,马尾,南庄,256
4394,黄骅,四会,256
141,中山,新港,255
3904,锦州,湛江,255
2092,江门亚太,宁波,254
3469,董家口,庙沙围,254
3696,重庆,小铲滩,253
2719,烟台,漳州,252
3558,贵港,宁波,252
3811,铁山,黄骅,252
492,南通,新港,250
673,台山,营口,250
1700,新港,乐从,250
1730,新港,岳阳,250
899,大连,泉州,249
2808,白坭,营口,249
1326,小榄,防城,248
2306,泸州,营口,248
1638,扬州,厦门,247
2041,武汉,泉州,246
3435,营口,贵港苏湾,246
1129,宜兴,厦门,245
1725,新港,宁波,245
3171,芜湖,虎门,245
4070,阳江,营口,245
1348,小铲滩,泉州,243
3376,营口,岳阳,243
1500,张家口,赤水,242
1490,张家口,四会永泰,241
2501,清远清新,泉州,241
3869,锦州,宜昌,241
2798,白坭,新港,240
2878,石龙,连云港,239
3252,荆州,厦门,239
4119,青岛,漳州,239
2478,深圳（大铲湾）,营口,238
873,大连,乐从,237
3424,营口,肇庆（新港）,237
3346,营口,南京,236
2579,漳州,上海,235
1082,宁波,虎门,234
876,大连,南沙,233
1356,小铲滩,钦州,233
1786,新港,马尾,233
2902,福清,乍浦,233
567,厦门,宜兴,232
2088,江门亚太,上海,232
1330,小铲滩,乐从,231
1969,梧州（李家庄）,广利港,231
4345,鹤山,锦州,231
3926,锦州,贵港苏湾,230
2459,深圳（大铲湾）,宁波,228
2694,烟台,四会永泰,228
3031,秦皇岛,石龙,227
3410,营口,清远清新,226
2097,江门亚太,新港,225
3655,连云港,珠海（高栏）,225
1584,德庆,日照,223
2366,海口,烟台,222
4412,黄骅,泉州,222
3392,营口,新港,221
1806,日照,云浮,220
3863,锦州,宁德,220
3038,秦皇岛,花都巴江,219
3800,铁山,潍坊,219
3845,锦州,南昌,219
348,北海,福清,217
447,南昌,新港,217
3371,营口,宜昌,217
4259,高明,唐山,217
1153,宜宾,九江（江西）,215
4098,青岛,小铲滩,215
4445,黄骅,鱼珠,215
4163,顺乐,营口,214
3076,紫金村,新港,213
3936,锦州,阳江,213
309,云浮,新港,212
1951,梧州（李家庄）,乍浦,212
3377,营口,常州,212
3919,锦州,花都巴江,212
4294,鱼珠,新港,212
1322,小榄,秦皇岛,210
2561,湛江,营口,210
1336,小铲滩,厦门,209
2465,深圳（大铲湾）,新港,209
4046,防城,锦州,209
4503,龙通,营口,209
4145,青岛,黄埔旧港,205
744,唐山,泉州,204
3461,营口,龙通,202
4404,黄骅,岳阳,202
1007,宁德,云浮,201
3330,莱州,黄埔旧港,201
3385,营口,德清,201
3847,锦州,南通,201
3886,锦州,新会新港,201
2004,武林,连云港,200
3888,锦州,新港,200
1521,张家港,湛江,199
1853,日照,营口,199
300,云浮,三亚,198
2840,盘锦,深圳（大铲湾）,198
1058,宁波,庙沙围,197
1720,新港,四会永泰,196
3312,莱州,汕头,196
4256,高明,南通,196
2862,石龙,唐山,195
1068,宁波,清远清新,194
1783,新港,阳江,194
2527,湛江,南京,194
3358,营口,四会,194
4167,顺乐,防城,194
1907,曹妃甸,顺乐,193
2382,海口,鸦岗,193
591,厦门,潍坊,192
1445,常熟,新港,192
2710,烟台,武汉,192
1092,宁波,高明,191
2317,洋浦港,南沙,191
800,四会,新港,190
1065,宁波,洋浦港,190
1328,小铲滩,上海,190
3948,锦州,龙门,190
1361,小铲滩,马尾,189
2044,武汉,深圳（大铲湾）,189
2842,盘锦,烟台,189
587,厦门,海口,188
1813,日照,厦门,188
2980,秦皇岛,上海,188
982,威海,厦门,187
2562,湛江,连云港,187
3140,肇庆（三榕）,连云港,187
2530,湛江,南通,186
2910,福清,南沙,186
3835,锦州,东江仓,186
375,南京,海口,185
2368,海口,秦皇岛,184
2843,盘锦,石龙,184
2845,盘锦,福清,184
4017,防城,上海,184
1653,扬州,深圳（大铲湾）,183
2825,盘锦,宁波,183
3734,钦州,宜兴,183
1713,新港,博罗,182
1915,李锦记,新港,182
3918,锦州,芜湖,182
1462,广利港,博罗,181
661,台山,新港,180
1701,新港,乐平,180
3448,营口,青岛,180
3683,鄂尔多斯,常州,180
657,台山,宁波,179
1685,新会新港,营口,179
2614,漳州,海口,179
509,南通,营口,178
2085,汕头,防城,178
3206,花都（炭步）,新港,178
3925,锦州,贵港,178
4487,龙通,唐山,178
1645,扬州,小铲滩,177
3098,绍兴,厦门,177
4434,黄骅,贵港,177
993,威海,漳州,175
1366,岳阳,上海,175
3922,锦州,荆州,175
2711,烟台,汕头,174
4015,长沙,营口,174
4133,青岛,重庆,174
34,三埠,连云港,173
738,唐山,新会新港,173
4282,高明,锦州,173
4416,黄骅,深圳（大铲湾）,173
304,云浮,太仓,172
541,博罗,防城,172
2846,盘锦,花都巴江,172
4383,黄骅,云浮,172
4408,黄骅,新会新港,172
1358,小铲滩,镇江,171
1989,梧州（李家庄）,连云港,171
3850,锦州,厦门,171
4439,黄骅,防城,171
4502,龙通,秦皇岛,170
1112,安庆,泉州,169
1303,小塘西,秦皇岛,169
4143,青岛,鸦岗,169
942,太仓,岳阳,168
1810,日照,南沙,168
2247,泰州,深圳（大铲湾）,168
3227,茂名水东,新港,168
3400,营口,江阴,168
3875,锦州,岳阳,168
1791,新港,鹏成,167
2299,泸州,温州,167
2767,珠海（高栏）,日照,167
4433,黄骅,虎门,167
1449,常熟,深圳（大铲湾）,165
2178,泉州,岳阳,165
2526,湛江,乍浦,165
3666,连云港,贵港,165
4274,高明,海口,165
573,厦门,岳阳,164
697,合肥,虎门,164
1557,徐州,深圳（大铲湾）,164
1693,新港,三埠,164
2153,泉州,三水,163
2363,海口,深圳（大铲湾）,163
168,丹东,太仓,162
2349,海口,宁波,162
3065,紫金村,大连,162
185,丹东,汕头,161
867,大丰,黄埔旧港,160
1460,常熟,黄埔旧港,160
3331,营口,三埠,160
2325,洋浦港,重庆,159
76,上海,厦门,158
1696,新港,东江仓,158
314,云浮,海口,157
4038,防城,海口,157
1329,小铲滩,东莞海腾,156
2554,湛江,温州,156
4123,青岛,福清,156
4299,鱼珠,烟台,156
1310,小塘西,防城,155
1518,张家港,泉州,155
2098,江门亚太,日照,155
2378,海口,青岛,155
3897,锦州,泰州,155
4120,青岛,珠海（高栏）,155
33,三埠,营口,154
2296,泸州,泉州,154
2881,石龙,防城,154
3091,紫金村,连云港,154
3170,芜湖,营口,154
3492,虎门,嘉兴,154
3564,贵港,新港,154
1663,扬州,虎门,153
4134,青岛,钦州,153
4289,鱼珠,唐山,153
150,中山,营口,152
2007,武汉,上海,152
403,南庄,唐山,151
1392,岳阳,营口,151
1982,梧州（李家庄）,潍坊,151
2384,海口,黄骅,151
3840,锦州,九江（江西）,151
751,唐山,珠海洪湾,150
2405,涪陵,烟台,150
2493,清远清新,宁波,150
4418,黄骅,温州,150
1502,张家口,高明,149
1842,日照,珠海（高栏）,149
3428,营口,茂名水东,149
186,丹东,江阴,148
2359,海口,江阴,148
3441,营口,铁山,148
3646,连云港,武林,148
4424,黄骅,白坭,148
717,唐山,乐平,147
2252,泰州,福清,147
2930,福清,新港,147
3570,贵港,洋浦港,147
4044,防城,连云港,147
4047,防城,青岛,147
3459,营口,黄石,146
4060,阳江,宁德,146
883,大连,宁德,145
3199,花都巴江,防城,145
3369,营口,安庆,145
2047,武汉,烟台,144
2533,湛江,唐山,144
3786,铁山,宁波,144
4178,顺德新港,新港,144
4465,龙口,泉州,144
2196,泉州,潍坊,143
3356,营口,合肥,143
1194,宜昌,厦门,142
2750,珠海（高栏）,上海,142
3868,锦州,宜宾,142
3181,花都巴江,唐山,141
563,厦门,太仓,140
703,呼和浩特,四会永泰,140
1738,新港,惠州,140
2370,海口,营口,140
3617,连云港,上海,140
3630,连云港,厦门,140
223,乍浦,厦门,139
1686,新会新港,连云港,139
2343,海口,四会永泰,139
3959,镇江,小铲滩,139
4185,顺德新港,营口,139
24,三埠,日照,138
691,合肥,海口,138
3555,贵港,嘉兴,138
3935,锦州,长沙,138
2332,海口,三埠,137
3204,花都（炭步）,宁波,137
433,南庄,锦州,136
1043,宁波,勒流,136
3117,肇庆（三榕）,宁波,135
3396,营口,梧州（李家庄）,135
613,厦门,青岛,134
1844,日照,石龙,134
2979,秦皇岛,三水,134
3679,连云港,鹏成,134
3854,锦州,嘉兴,134
62,三水,营口,133
3022,秦皇岛,海口,133
3545,衡阳,新港,133
4041,防城,秦皇岛,133
4419,黄骅,湛江,133
4431,黄骅,花都（炭步）,133
366,南京,小铲滩,132
1096,宁波,黄骅,132
1835,日照,海口,132
2010,武汉,云浮,132
2712,烟台,泉州,132
2764,珠海（高栏）,张家港,132
1497,张家口,白坭,131
2889,神湾,新港,131
3939,锦州,顺德新港,131
1009,宁德,南通,130
3164,芜湖,泉州,130
3653,连云港,湛江,130
4436,黄骅,钦州,130
2688,烟台,南鲲,129
674,台山,连云港,128
1869,日照,龙通,128
2458,深圳（大铲湾）,太仓,128
2794,白坭,宁波,128
3301,莱州,乐平,128
3425,营口,芜湖,128
3755,钦州,烟台,128
1355,小铲滩,连云港,127
3465,董家口,厦门,127
3746,钦州,江阴,127
231,乍浦,新沙,126
3271,荆州,泉州,126
3449,营口,顺乐,126
4139,青岛,顺德新港,126
4140,青岛,马尾,126
3354,营口,双水小冈,125
1029,宁德,营口,124
1069,宁波,湛江,124
1317,小榄,新港,123
2734,烟台,钦州,123
2868,石龙,日照,123
3901,锦州,深圳（大铲湾）,123
2538,湛江,如皋,122
2644,漳州,黄骅,122
754,唐山,石龙,121
1726,新港,小塘,121
1752,新港,清远清新,121
2091,江门亚太,太仓,121
3658,连云港,福清,121
3912,锦州,福清,121
4334,鹏成,青岛,121
27,三埠,海口,120
1900,曹妃甸,花都（炭步）,120
2936,福清,海口,120
4026,防城,宁波,120
3947,锦州,龙通,119
1860,日照,阳江,118
1905,曹妃甸,铜陵,118
2048,武汉,珠海（高栏）,118
2537,湛江,太仓,118
2924,福清,小塘西,118
4301,鱼珠,秦皇岛,118
457,南昌,重庆,117
2030,武汉,小铲滩,117
2498,清远清新,日照,117
3130,肇庆（三榕）,海口,116
1740,新港,新会新港,115
3532,蚌埠,泉州,115
3843,锦州,南京,115
4030,防城,新港,115
4454,龙口,南沙,115
497,南通,泉州,114
890,大连,张家港,114
1689,新会新港,防城,114
2986,秦皇岛,云浮,114
3243,茂名水东,黄骅,114
3327,莱州,顺德新港,114
451,南昌,海口,113
1995,梧州（李家庄）,黄骅,113
747,唐山,清远清新,112
1171,宜宾,泉州,112
749,唐山,湛江,111
1650,扬州,泉州,111
3079,紫金村,泉州,111
3659,连云港,肇庆（三榕）,111
1809,日照,南庄,110
2566,湛江,防城,110
4062,阳江,新港,110
4114,青岛,海口,110
4337,鹤山,宁波,110
696,合肥,营口,109
952,太仓,珠海（高栏）,109
1947,桂平新龙,海口,109
3703,重庆,泉州,109
90,上海,日照,108
819,四会永泰,新港,108
1417,常州,营口,108
2917,福清,四会,108
3382,营口,张家港,108
3790,铁山,德清,108
4253,高明,上海,108
1002,威海,龙通,107
1026,宁德,神湾,107
1406,常州,新港,107
3442,营口,铜陵,107
3730,钦州,太仓,107
3933,锦州,镇江,107
972,如皋,泉州,106
2259,泰州,重庆,106
2949,福清,荆州,106
4013,长沙,新港,106
1739,新港,扬州,105
2489,清远清新,唐山,105
3340,营口,乐平,105
765,唐山,贵港,104
796,四会,宁波,104
1846,日照,福鼎,104
2960,福清,高明,104
3808,铁山,青岛,104
4442,黄骅,顺德新港,104
422,南庄,海口,103
1998,武林,厦门,103
3196,花都巴江,营口,103
3627,连云港,南沙,103
4031,防城,日照,103
4065,阳江,泰州,103
425,南庄,烟台,102
692,合肥,深圳（大铲湾）,102
1187,宜宾,顺乐,102
1852,日照,茂名水东,102
2167,泉州,唐山,102
2520,温州,新港,102
3578,贵港,营口,102
3650,连云港,海口,102
4506,龙通,防城,102
523,博罗,唐山,101
995,威海,福清,101
2214,泉州,镇江,101
3759,钦州,秦皇岛,101
3902,锦州,清远清新,101
3927,锦州,赣州,101
3968,镇江,珠海（高栏）,101
389,南京,贵港,100
599,厦门,花都（炭步）,100
1293,小塘西,唐山,100
2108,江门大鳌,新港,100
2353,海口,常州,100
2693,烟台,四会,100
2932,福清,汕头,100
3833,锦州,三水,100
4101,青岛,庙沙围,100
4474,龙口,营口,100
715,唐山,中山,99
1737,新港,德清,99
3058,紫金村,乍浦,99
3163,芜湖,新港,99
3174,芜湖,阳江,99
2563,湛江,重庆,98
3094,紫金村,长兴,98
3882,锦州,德清,98
4261,高明,太仓,98
1801,日照,中山,97
1889,曹妃甸,惠州,97
1010,宁德,厦门,96
1287,小塘,营口,96
2690,烟台,厦门,96
2993,秦皇岛,厦门,96
3041,秦皇岛,贵港,96
1016,宁德,新港,95
1053,宁波,大连,95
2075,汕头,新港,95
2485,清远清新,乍浦,95
2559,湛江,荆州,95
3357,营口,嘉兴,95
3419,营口,神湾,95
3883,锦州,惠州,95
410,南庄,小铲滩,94
485,南通,厦门,94
690,合肥,泉州,94
933,太仓,九江（理文）,94
2272,泸州,中山,94
2909,福清,南庄,94
3548,贵港,上海,94
4066,阳江,海口,94
572,厦门,小铲滩,93
728,唐山,四会,93
884,大连,宁波,93
63,三水,连云港,92
1071,宁波,烟台,92
1450,常熟,烟台,92
1614,惠州,云浮,92
2350,海口,安庆,92
2782,珠海（高栏）,镇江,92
975,如皋,湛江,90
1655,扬州,漳州,90
1993,梧州（李家庄）,青岛,90
2182,泉州,扬州,90
2265,泰州,马尾,90
3554,贵港,唐山,90
4104,青岛,新会新港,90
188,丹东,泰州,89
1483,张家口,三水,89
1794,新港,黄石,89
2972,福鼎,日照,89
4111,青岛,泉州,89
4335,鹤山,大连,89
352,北海,黄骅,88
510,南通,虎门,88
1035,宁德,黄骅,88
1825,日照,新会新港,88
2595,漳州,大连,88
2961,福清,鱼珠,88
4389,黄骅,南鲲,88
1481,庙沙围,新港,87
1511,张家港,小榄,87
2185,泉州,曹妃甸,87
2589,漳州,南沙,87
2809,白坭,连云港,87
3395,营口,李锦记,87
988,威海,泉州,86
1060,宁波,新会新港,86
1302,小塘西,烟台,86
1515,张家港,新港,86
2899,福清,上海,86
3767,钦州,青岛,86
3943,锦州,鸦岗,86
4172,顺德新港,唐山,86
955,太仓,营口,85
994,威海,珠海（高栏）,85
1259,寿光,南沙,85
2043,武汉,海口,85
2779,珠海（高栏）,钦州,85
2943,福清,石龙,85
3359,营口,四会永泰,85
3748,钦州,泉州,85
4443,黄骅,马尾,85
3388,营口,扬州,84
4110,青岛,汕头,84
1017,宁德,日照,83
1612,惠州,上海,83
3187,花都巴江,新港,83
3565,贵港,日照,83
3600,赤水,新港,83
3885,锦州,扬州,83
4045,防城,铜陵,83
4313,鸦岗,新港,83
315,云浮,深圳（大铲湾）,82
458,南昌,锦州,82
841,塘源,日照,82
1221,宜昌,绍兴,82
1558,徐州,湛江,82
2000,武林,宁德,82
3089,紫金村,营口,82
3563,贵港,扬州,82
1465,广利港,小铲滩,81
2477,深圳（大铲湾）,芜湖,81
2479,深圳（大铲湾）,连云港,81
2677,烟台,三埠,81
3364,营口,如皋,81
4109,青岛,武汉,81
48,三水,新港,80
211,丹东,顺乐,80
214,丹东,龙通,80
622,厦门,龙口,80
1031,宁德,铁山,80
1855,日照,贵港,80
1880,曹妃甸,乐从,80
2920,福清,太仓,80
3421,营口,福鼎,80
3672,连云港,青岛,80
110,上海,重庆,79
1744,新港,梧州（李家庄）,79
1828,日照,梧州（李家庄）,79
2715,烟台,深圳（大铲湾）,79
3026,秦皇岛,湛江,79
180,丹东,新沙,78
1769,新港,花都巴江,78
2761,珠海（高栏）,小铲滩,78
2780,珠海（高栏）,铁山,78
2785,珠海（高栏）,青岛,78
3110,罗源,青岛,78
3185,花都巴江,宁波,78
3269,荆州,汕头,78
3586,贵港,黄骅,78
4078,青岛,上海,78
3,万州,泉州,77
1143,宜兴,贵港,77
2273,泸州,九江（江西）,77
2413,淮安,中山,77
2550,湛江,江阴,77
2618,漳州,潍坊,77
3783,铁山,唐山,77
4479,龙口,顺德新港,77
1508,张家港,厦门,76
1771,新港,茂名水东,76
1854,日照,虎门,76
2223,泉州,黄埔旧港,76
3387,营口,成都,76
3557,贵港,太仓,76
3907,锦州,珠海洪湾,76
388,南京,虎门,75
1493,张家口,新会新港,75
1838,日照,湛江,75
1840,日照,漳州,75
2016,武汉,南鲲,75
3443,营口,镇江,75
3719,重庆,龙通,75
3727,钦州,唐山,75
4010,长沙,太仓,75
4278,高明,秦皇岛,75
292,九江（江西）,营口,74
861,大丰,泉州,74
1251,宿迁,虎门,74
2105,江门亚太,重庆,74
2163,泉州,南沙,74
3300,莱州,中山,74
3714,重庆,虎门,74
3903,锦州,温州,74
2412,淮安,三埠,73
2512,清远清新,连云港,73
2723,烟台,福清,73
3713,重庆,营口,73
3832,锦州,三埠,73
3853,锦州,合肥,73
3892,锦州,武林,73
26,三埠,洋浦港,72
500,南通,深圳（大铲湾）,72
539,博罗,锦州,72
616,厦门,高明,72
708,呼和浩特,肇庆（三榕）,72
1166,宜宾,扬州,72
1660,扬州,福清,72
2316,洋浦港,上海,72
3018,秦皇岛,汕头,72
3347,营口,南庄,72
3859,锦州,大麦屿,72
208,丹东,长沙,71
934,太仓,勒流,71
1967,梧州（李家庄）,小铲滩,71
2257,泰州,虎门,71
3924,锦州,衡阳,71
119,东江仓,乍浦,70
197,丹东,神湾,70
330,包头,南昌,70
439,南昌,上海,70
532,博罗,洋浦港,70
863,大丰,肇庆（三榕）,70
1485,张家口,南昌,70
2817,盘锦,中山,70
2831,盘锦,新沙,70
3495,虎门,太仓,70
4034,防城,江阴,70
4081,青岛,中山,70
4091,青岛,嘉兴,70
4164,顺乐,连云港,70
4186,顺德新港,连云港,70
4308,鱼珠,黄骅,70
236,乍浦,海口,69
474,南沙,烟台,69
893,大连,新会新港,69
1138,宜兴,深圳（大铲湾）,69
1864,日照,高明,69
2060,武汉,锦州,69
2089,江门亚太,南京,69
2377,海口,防城,69
2962,福清,鸦岗,69
3992,长兴,深圳（大铲湾）,69
4004,长兴,锦州,69
4390,黄骅,博罗,69
504,南通,珠海（高栏）,68
524,博罗,大连,68
977,如皋,虎门,68
1298,小塘西,新港,68
1573,徐州,黄埔旧港,68
2307,泸州,虎门,68
2696,烟台,宁波,68
2998,秦皇岛,四会,68
3020,秦皇岛,泉州,68
3142,肇庆（三榕）,锦州,68
3954,镇江,厦门,68
282,九江（江西）,宜宾,67
639,双水小冈,海口,67
815,四会永泰,宁波,67
1488,张家口,台山,67
2704,烟台,庙沙围,67
3681,连云港,龙通,67
4192,马尾,上海,67
326,勒流,新港,66
1045,宁波,南庄,66
1183,宜宾,虎门,66
2564,湛江,锦州,66
2632,漳州,重庆,66
2879,石龙,重庆,66
2893,神湾,秦皇岛,66
3108,罗源,新港,66
3804,铁山,花都巴江,66
4032,防城,武汉,66
427,南庄,秦皇岛,65
1917,李锦记,营口,65
1958,梧州（李家庄）,大连,65
2107,江门亚太,青岛,65
2322,洋浦港,深圳（大铲湾）,65
4141,青岛,高明,65
361,南京,四会,64
372,南京,池州,64
580,厦门,日照,64
718,唐山,九江（顺德）,64
1057,宁波,小铲滩,64
1087,宁波,锦州,64
1723,新港,太仓,64
2078,汕头,烟台,64
2597,漳州,宁波,64
3104,绍兴,营口,64
3207,花都（炭步）,曹妃甸,64
3770,钦州,黄石,64
3946,锦州,黄石,64
3961,镇江,新港,64
4303,鱼珠,连云港,64
4410,黄骅,武林,64
529,博罗,日照,63
634,双水小冈,新港,63
662,台山,日照,63
2188,泉州,江阴,63
2300,泸州,湛江,63
2926,福清,小铲滩,63
3023,秦皇岛,深圳（大铲湾）,63
3321,莱州,花都（炭步）,63
3513,虎门,芜湖,63
3684,鄂尔多斯,泉州,63
3855,锦州,四会,63
3945,锦州,黄埔旧港,63
4022,防城,唐山,63
323,勒流,唐山,62
689,合肥,汕头,62
701,合肥,黄埔旧港,62
1422,常州,高明,62
1885,曹妃甸,博罗,62
3415,营口,珠海洪湾,62
246,乍浦,防城,61
667,台山,海口,61
1120,安庆,营口,61
1856,日照,赤水,61
1941,桂平新龙,嘉兴,61
2177,泉州,小铲滩,61
2220,泉州,鱼珠,61
2497,清远清新,新港,61
2754,珠海（高栏）,南通,61
3021,秦皇岛,泰州,61
3372,营口,小塘,61
3553,贵港,合肥,61
3839,锦州,乐平,61
4384,黄骅,勒流,61
149,中山,秦皇岛,60
1486,张家口,南鲲,60
1628,惠州,连云港,60
1677,新会新港,新港,60
1698,新港,中山,60
1728,新港,小榄,60
2428,淮安,李锦记,60
2545,湛江,徐州,60
3011,秦皇岛,成都,60
3167,芜湖,湛江海安,60
3527,蚌埠,勒流,60
3788,铁山,宜昌,60
381,南京,珠海（高栏）,59
463,南沙,大连,59
1093,宁波,鸦岗,59
1955,梧州（李家庄）,双水小冈,59
2374,海口,锦州,59
3095,紫金村,青岛,59
3726,钦州,合肥,59
3768,钦州,马尾,59
221,乍浦,南沙,58
454,南昌,烟台,58
592,厦门,烟台,58
761,唐山,花都（炭步）,58
1712,新港,南鲲,58
1871,昆明,新港,58
1929,柳州武宣,新港,58
3293,荆州,锦州,58
4184,顺德新港,秦皇岛,58
4486,龙通,乍浦,58
560,厦门,唐山,57
1522,张家港,烟台,57
1695,新港,上海,57
2219,泉州,高明,57
2504,清远清新,海口,57
2531,湛江,厦门,57
3109,罗源,营口,57
3446,营口,防城,57
4275,高明,淮安,57
606,厦门,钦州,56
809,四会,连云港,56
985,威海,宁德,56
1360,小铲滩,顺乐,56
1494,张家口,梧州（李家庄）,56
1556,徐州,海口,56
1790,新港,鸦岗,56
2714,烟台,海口,56
2739,烟台,高明,56
2815,盘锦,上海,56
2852,盘锦,顺乐,56
2954,福清,钦州,56
3737,钦州,小铲滩,56
4131,青岛,贵港,56
4229,马尾,阳江,56
4272,高明,泰州,56
981,威海,南沙,55
1095,宁波,黄埔旧港,55
1374,岳阳,大连,55
1756,新港,漳州,55
2039,武汉,汕头,55
2117,江阴,宜宾,55
2323,洋浦港,清远清新,55
2362,海口,淮安,55
2744,烟台,龙通,55
2964,福清,鹤山,55
3484,董家口,顺德新港,55
3580,贵港,连云港,55
3581,贵港,锦州,55
4224,马尾,营口,55
4509,龙通,黄骅,55
828,四会永泰,营口,54
901,大连,深圳（大铲湾）,54
1030,宁德,重庆,54
1106,安庆,厦门,54
1865,日照,鱼珠,54
2291,泸州,扬州,54
2968,福鼎,南沙,54
3214,花都（炭步）,连云港,54
3836,锦州,中山,54
238,乍浦,湛江,53
1085,宁波,钦州,53
1876,曹妃甸,三埠,53
2017,武汉,厦门,53
2129,江阴,深圳（大铲湾）,53
2271,泸州,上海,53
2766,珠海（高栏）,新港,53
2867,石龙,新港,53
3417,营口,白坭,53
3731,钦州,如皋,53
4152,顺乐,宁波,53
198,丹东,福清,52
415,南庄,日照,52
789,四会,上海,52
1621,惠州,新港,52
2609,漳州,日照,52
2812,白坭,防城,52
2837,盘锦,泰州,52
3024,秦皇岛,清远清新,52
3052,秦皇岛,鱼珠,52
3345,营口,北海,52
3637,连云港,小塘西,52
3814,铜陵,厦门,52
3972,镇江,茂名水东,52
4209,马尾,小铲滩,52
4370,黄石,烟台,52
192,丹东,深圳（大铲湾）,51
212,丹东,马尾,51
544,厦门,上海,51
869,大连,上海,51
1059,宁波,惠州,51
1312,小榄,唐山,51
1420,常州,阳江,51
1440,常熟,勒流,51
1516,张家港,武汉,51
1948,桂平新龙,芜湖,51
2106,江门亚太,镇江,51
2121,江阴,新港,51
2700,烟台,小铲滩,51
2942,福清,白坭,51
4342,鹤山,秦皇岛,51
5,万州,湛江,50
158,丹东,中山,50
337,北海,太仓,50
446,南昌,成都,50
706,呼和浩特,桂平新龙,50
967,如皋,新会新港,50
1469,广利港,海口,50
1492,张家口,小塘,50
1670,扬州,黄埔旧港,50
1755,新港,湛江海安,50
2356,海口,日照,50
3268,荆州,新港,50
3682,鄂尔多斯,厦门,50
4306,鱼珠,防城,50
4447,黄骅,鹤山,50
493,南通,昆明,49
1277,寿光,黄埔旧港,49
1776,新港,重庆,49
1991,梧州（李家庄）,镇江,49
2074,汕头,成都,49
2551,湛江,泉州,49
2569,湛江,黄骅,49
2965,福清,黄埔旧港,49
3119,肇庆（三榕）,小铲滩,49
3195,花都巴江,秦皇岛,49
3222,茂名水东,太仓,49
3273,荆州,海口,49
3311,莱州,新会新港,49
3319,莱州,紫金村,49
4107,青岛,梧州（李家庄）,49
4265,高明,张家港,49
4298,鱼珠,海口,49
151,中山,连云港,48
237,乍浦,深圳（大铲湾）,48
277,九江（江西）,中山,48
376,南京,深圳（大铲湾）,48
445,南昌,小铲滩,48
711,唐山,三水,48
856,大丰,厦门,48
999,威海,马尾,48
1455,常熟,虎门,48
1496,张家口,珠海（高栏）,48
1565,徐州,营口,48
1704,新港,云浮,48
1831,日照,汕头,48
2565,湛江,镇江,48
2567,湛江,青岛,48
2941,福清,珠海（高栏）,48
2984,秦皇岛,乐从,48
3100,绍兴,新港,48
3223,茂名水东,宁波,48
3622,连云港,乐从,48
3664,连云港,营口,48
3740,钦州,扬州,48
3934,锦州,长兴,48
4347,黄埔旧港,上海,48
17,三埠,宁波,47
164,丹东,厦门,47
290,九江（江西）,福清,47
339,北海,常州,47
758,唐山,肇庆（三榕）,47
2090,江门亚太,南通,47
2172,泉州,如皋,47
3053,秦皇岛,鸦岗,47
3085,紫金村,潍坊,47
35,三埠,重庆,46
89,上海,新港,46
152,中山,锦州,46
354,南京,三埠,46
421,南庄,洋浦港,46
925,大连,鹤山,46
949,太仓,温州,46
1295,小塘西,宁德,46
1520,张家港,深圳（大铲湾）,46
1588,德庆,海口,46
1630,惠州,钦州,46
1707,新港,南京,46
1913,朔州,台山,46
2513,清远清新,锦州,46
2830,盘锦,新会新港,46
2869,石龙,曹妃甸,46
3937,锦州,青岛,46
4489,龙通,宁波,46
137,中山,宁波,45
590,厦门,湛江,45
684,合肥,厦门,45
1163,宜宾,小铲滩,45
1318,小榄,日照,45
3016,秦皇岛,梧州（李家庄）,45
3135,肇庆（三榕）,秦皇岛,45
3326,莱州,阳江,45
3528,蚌埠,南沙,45
3973,镇江,营口,45
4411,黄骅,汕头,45
42,三水,唐山,44
631,双水小冈,宁波,44
878,大连,厦门,44
1025,宁德,石龙,44
1340,小铲滩,小榄,44
1431,常德,汕头,44
1611,德清,黄埔旧港,44
1979,梧州（李家庄）,海口,44
2019,武汉,嘉兴,44
2418,淮安,双水小冈,44
2602,漳州,小铲滩,44
2811,白坭,锦州,44
3675,连云港,马尾,44
3865,锦州,安吉,44
3884,锦州,成都,44
3967,镇江,湛江,44
4296,鱼珠,曹妃甸,44
4332,鹏成,镇江,44
4448,黄骅,黄埔旧港,44
230,乍浦,新会新港,43
244,乍浦,钦州,43
329,勒流,防城,43
624,双水小冈,乍浦,43
881,大连,嘉兴,43
1151,宜宾,上海,43
1489,张家口,四会,43
1792,新港,鹤山,43
1824,日照,德庆,43
1944,桂平新龙,小铲滩,43
2065,武汉,顺德新港,43
2552,湛江,泰州,43
2626,漳州,花都（炭步）,43
3057,紫金村,上海,43
3536,蚌埠,秦皇岛,43
3738,钦州,庙沙围,43
20,三埠,小铲滩,42
191,丹东,海安,42
862,大丰,深圳（大铲湾）,42
944,太仓,新港,42
1550,徐州,小铲滩,42
2483,深圳（大铲湾）,青岛,42
2680,烟台,东江仓,42
2876,石龙,秦皇岛,42
2982,秦皇岛,东莞海腾,42
3082,紫金村,海口,42
3149,肇庆（新港）,日照,42
3221,茂名水东,唐山,42
3418,营口,石龙,42
3620,连云港,中山,42
3648,连云港,泉州,42
3963,镇江,汕头,42
4267,高明,扬州,42
4330,鹏成,重庆,42
4397,黄骅,宁德,42
4398,黄骅,宁波,42
4432,黄骅,茂名水东,42
659,台山,小铲滩,41
686,合肥,小铲滩,41
720,唐山,南庄,41
764,唐山,虎门,41
987,威海,汕头,41
1140,宜兴,石龙,41
1210,宜昌,汕头,41
1281,小塘,新港,41
1387,岳阳,海口,41
1517,张家港,汕头,41
1616,惠州,太仓,41
1676,新会新港,小铲滩,41
1960,梧州（李家庄）,太仓,41
2414,淮安,丹东,41
2515,清远清新,防城,41
3184,花都巴江,宁德,41
3394,营口,昆明,41
3611,赤水,营口,41
3639,连云港,小铲滩,41
4051,阳江,上海,41
4245,马鞍山,营口,41
4400,黄骅,小塘,41
4423,黄骅,珠海（高栏）,41
4425,黄骅,石龙,41
4444,黄骅,高明,41
4464,龙口,江阴,41
217,乍浦,中山,40
305,云浮,宁波,40
534,博罗,烟台,40
669,台山,烟台,40
774,唐山,马尾,40
784,嘉兴,营口,40
962,太原,铁山,40
1013,宁德,宜宾,40
1024,宁德,烟台,40
1110,安庆,新港,40
1461,广利港,南沙,40
1491,张家口,宁德,40
1657,扬州,珠海（高栏）,40
2058,武汉,钦州,40
2250,泰州,漳州,40
2603,漳州,徐州,40
2773,珠海（高栏）,福清,40
3101,绍兴,泸州,40
3232,茂名水东,潍坊,40
4183,顺德新港,烟台,40
193,丹东,清远清新,39
243,乍浦,营口,39
498,南通,泸州,39
1141,宜兴,营口,39
1156,宜宾,厦门,39
1619,惠州,岳阳,39
1620,惠州,成都,39
2189,泉州,泰州,39
2383,海口,鹏成,39
3173,芜湖,锦州,39
3643,连云港,新会新港,39
3662,连云港,花都（炭步）,39
3707,重庆,湛江,39
4073,阳江,防城,39
4087,青岛,勒流,39
4093,青岛,宁德,39
4171,顺德新港,合肥,39
4421,黄骅,漳州,39
254,乐从,新港,38
360,南京,台山,38
666,台山,洋浦港,38
801,四会,日照,38
968,如皋,新港,38
1343,小铲滩,张家港,38
1757,新港,烟台,38
2144,江阴,黄埔旧港,38
2877,石龙,营口,38
2887,神湾,宁波,38
3033,秦皇岛,福清,38
3127,肇庆（三榕）,江阴,38
3197,花都巴江,连云港,38
3316,莱州,石龙,38
3530,蚌埠,宜宾,38
3549,贵港,乍浦,38
3584,贵港,青岛,38
3635,连云港,宁德,38
3955,镇江,唐山,38
4012,长沙,常熟,38
4420,黄骅,湛江海安,38
4504,龙通,连云港,38
66,三水,锦州,37
71,上海,中山,37
313,云浮,洋浦港,37
671,台山,秦皇岛,37
941,太仓,小铲滩,37
1109,安庆,惠州,37
1367,岳阳,北海,37
2275,泸州,南京,37
2298,泸州,海口,37
2416,淮安,南沙,37
2439,淮安,虎门,37
2449,淮安,鹤山,37
2686,烟台,南昌,37
2836,盘锦,泉州,37
3096,紫金村,马尾,37
3113,肇庆（三榕）,合肥,37
3496,虎门,宁德,37
3515,虎门,蚌埠,37
3735,钦州,宜昌,37
3743,钦州,曹妃甸,37
3962,镇江,武汉,37
4378,黄骅,中山,37
576,厦门,德清,36
770,唐山,长兴,36
905,大连,漳州,36
1032,宁德,锦州,36
1539,徐州,中山,36
1578,德庆,太仓,36
1678,新会新港,日照,36
1862,日照,顺德新港,36
1870,昆明,大连,36
2154,泉州,上海,36
2288,泸州,小铲滩,36
2593,漳州,唐山,36
3114,肇庆（三榕）,唐山,36
3463,董家口,九江（江西）,36
3629,连云港,博罗,36
3769,钦州,鱼珠,36
3776,铁山,九江（江西）,36
3871,锦州,小塘,36
4213,马尾,新港,36
4283,高明,镇江,36
74,上海,南京,35
307,云浮,小铲滩,35
312,云浮,泉州,35
517,南通,马尾,35
775,唐山,鱼珠,35
1335,小铲滩,博罗,35
1382,岳阳,新港,35
1733,新港,广浚东江口,35
2008,武汉,中山,35
2135,江阴,营口,35
2277,泸州,厦门,35
2544,湛江,张家港,35
2676,潍坊,黄埔旧港,35
3035,秦皇岛,肇庆（三榕）,35
3049,秦皇岛,顺德新港,35
3324,莱州,贵港,35
3550,贵港,南京,35
3623,连云港,乐平,35
3915,锦州,绍兴,35
3931,锦州,铁山,35
4125,青岛,肇庆（三榕）,35
4127,青岛,花都（炭步）,35
4435,黄骅,赤水,35
4475,龙口,贵港,35
44,三水,宁波,34
319,云浮,重庆,34
443,南昌,大连,34
835,塘源,乍浦,34
1021,宁德,海口,34
1258,寿光,上海,34
1272,寿光,虎门,34
1307,小塘西,铁山,34
1703,新港,九江（顺德）,34
2003,武林,海口,34
2195,泉州,湛江,34
2239,泰州,新会新港,34
2466,深圳（大铲湾）,日照,34
2484,深圳（大铲湾）,黄骅,34
2655,潍坊,小铲滩,34
3189,花都巴江,曹妃甸,34
3193,花都巴江,烟台,34
3474,董家口,深圳（大铲湾）,34
3647,连云港,汕头,34
3678,连云港,鸦岗,34
3777,铁山,南京,34
4117,青岛,湛江,34
4469,龙口,漳州,34
526,博罗,宁波,33
1079,宁波,花都（炭步）,33
1446,常熟,武汉,33
1482,庙沙围,连云港,33
1512,张家港,小铲滩,33
1624,惠州,武汉,33
1816,日照,四会,33
1866,日照,鸦岗,33
2036,武汉,新会新港,33
2197,泉州,烟台,33
2410,涪陵,青岛,33
2518,清远清新,黄骅,33
3080,紫金村,泰州,33
3872,锦州,小塘西,33
4016,长沙,青岛,33
4057,阳江,大连,33
4387,黄骅,南昌,33
4391,黄骅,厦门,33
4396,黄骅,太仓,33
61,三水,秦皇岛,32
121,东江仓,海口,32
481,南沙,防城,32
642,双水小冈,连云港,32
776,唐山,鸦岗,32
870,大连,东江仓,32
896,大连,汕头,32
922,大连,马尾,32
928,大麦屿,新港,32
991,威海,深圳（大铲湾）,32
1167,宜宾,新港,32
1308,小塘西,锦州,32
1333,小铲滩,南沙,32
1351,小铲滩,漳州,32
1386,岳阳,泰州,32
1850,日照,花都巴江,32
1875,昆明,黄骅,32
2292,泸州,新港,32
2549,湛江,汕头,32
2670,潍坊,贵港,32
2718,烟台,湛江,32
2738,烟台,马尾,32
2945,福清,秦皇岛,32
3219,茂名水东,乍浦,32
3295,荆州,马尾,32
3724,钦州,南通,32
4035,防城,泉州,32
4138,青岛,顺乐,32
4151,顺乐,太仓,32
4160,顺乐,烟台,32
373,南京,泉州,31
678,台山,防城,31
736,唐山,张家港,31
871,大连,中山,31
1498,张家口,福清,31
1571,徐州,顺德新港,31
1758,新港,珠海洪湾,31
1781,新港,长沙,31
1990,梧州（李家庄）,锦州,31
2022,武汉,大连,31
2314,泸州,黄埔旧港,31
2371,海口,连云港,31
2411,涪陵,黄埔旧港,31
2884,神湾,唐山,31
2966,福清,龙通,31
3128,肇庆（三榕）,泉州,31
3168,芜湖,珠海（高栏）,31
3561,贵港,张家港,31
3880,锦州,张家港,31
4422,黄骅,珠海洪湾,31
331,包头,黄石,30
558,厦门,南鲲,30
636,双水小冈,曹妃甸,30
640,双水小冈,烟台,30
745,唐山,海口,30
951,太仓,烟台,30
992,威海,湛江,30
1137,宜兴,海口,30
1255,宿迁,马尾,30
1274,寿光,顺德新港,30
1285,小塘,海口,30
1702,新港,九江（江西）,30
1994,梧州（李家庄）,马尾,30
2240,泰州,新港,30
2295,泸州,江阴,30
2433,淮安,深圳（大铲湾）,30
2778,珠海（高栏）,连云港,30
3097,紫金村,黄骅,30
3215,花都（炭步）,锦州,30
3351,营口,南鲲,30
3381,营口,庙沙围,30
3587,贵港,龙口,30
3607,赤水,海口,30
3753,钦州,温州,30
3785,铁山,太仓,30
3987,长兴,成都,30
4188,顺德新港,防城,30
4327,鹏成,成都,30
4466,龙口,海口,30
56,三水,海口,29
395,南京,阳江,29
752,唐山,珠海（高栏）,29
1191,宜昌,上海,29
1246,宿迁,珠海（高栏）,29
1419,常州,锦州,29
2056,武汉,贵港,29
2079,汕头,秦皇岛,29
2159,泉州,九江（江西）,29
2213,泉州,锦州,29
2496,清远清新,小铲滩,29
2540,湛江,宜昌,29
2740,烟台,鱼珠,29
2756,珠海（高栏）,唐山,29
2819,盘锦,南京,29
2976,福鼎,顺乐,29
3129,肇庆（三榕）,洋浦港,29
3361,营口,外沙,29
3516,虎门,连云港,29
4048,防城,黄骅,29
4094,青岛,宁波,29
4126,青岛,肇庆（新港）,29
4386,黄骅,南庄,29
394,南京,镇江,28
538,博罗,重庆,28
1101,安吉,营口,28
1232,宿迁,乐从,28
1352,小铲滩,福清,28
1761,新港,石龙,28
2101,江门亚太,海口,28
2417,淮安,厦门,28
2596,漳州,太仓,28
2708,烟台,新沙,28
2953,福清,重庆,28
3004,秦皇岛,宜昌,28
3188,花都巴江,日照,28
3212,花都（炭步）,秦皇岛,28
3263,荆州,小铲滩,28
3284,荆州,绍兴,28
3401,营口,池州,28
3491,虎门,合肥,28
3517,虎门,重庆,28
3577,贵港,芜湖,28
3599,赤水,小铲滩,28
3744,钦州,武汉,28
3995,长兴,珠海（高栏）,28
4240,马鞍山,新会新港,28
4402,黄骅,小榄,28
4496,龙通,曹妃甸,28
301,云浮,乍浦,27
719,唐山,云浮,27
906,大连,珠海（高栏）,27
1165,宜宾,徐州,27
1370,岳阳,厦门,27
1727,新港,小塘西,27
1768,新港,芜湖,27
1897,曹妃甸,神湾,27
1983,梧州（李家庄）,烟台,27
2034,武汉,德清,27
2067,武汉,高明,27
2193,泉州,深圳（大铲湾）,27
2698,烟台,小塘西,27
2759,珠海（高栏）,宁波,27
2895,神湾,连云港,27
2912,福清,博罗,27
3009,秦皇岛,张家港,27
3704,重庆,海口,27
3708,重庆,珠海（高栏）,27
3829,铜陵,高明,27
3991,长兴,海口,27
4132,青岛,赤水,27
4142,青岛,鱼珠,27
4153,顺乐,小铲滩,27
4297,鱼珠,洋浦港,27
473,南沙,海口,26
565,厦门,威海,26
683,合肥,南沙,26
700,合肥,阳江,26
907,大连,神湾,26
1135,宜兴,汕头,26
1227,宜昌,锦州,26
1555,徐州,泉州,26
1847,日照,紫金村,26
1912,朔州,三埠,26
2009,武汉,丹东,26
2164,泉州,南通,26
2284,泸州,太仓,26
2311,泸州,顺德新港,26
2441,淮安,重庆,26
2450,淮安,黄埔旧港,26
2460,深圳（大铲湾）,宜兴,26
2507,清远清新,烟台,26
2617,漳州,湛江,26
2736,烟台,防城,26
2803,白坭,海口,26
2989,秦皇岛,南昌,26
3092,紫金村,锦州,26
3093,紫金村,镇江,26
3306,莱州,四会,26
3749,钦州,泰州,26
3797,铁山,泉州,26
3817,铜陵,泉州,26
94,上海,泉州,25
368,南京,新港,25
549,厦门,乐平,25
792,四会,唐山,25
811,四会,锦州,25
917,大连,铁山,25
1118,安庆,福清,25
1134,宜兴,惠州,25
1385,岳阳,泉州,25
1708,新港,南庄,25
1745,新港,武林,25
1802,日照,丹东,25
1950,梧州（李家庄）,上海,25
2063,武汉,阳江,25
2076,汕头,曹妃甸,25
2224,泉州,黄骅,25
2287,泸州,安庆,25
2557,湛江,福清,25
2629,漳州,贵港,25
2733,烟台,重庆,25
3017,秦皇岛,武汉,25
3121,肇庆（三榕）,徐州,25
3247,荆州,上海,25
3254,荆州,嘉兴,25
3636,连云港,小塘,25
3676,连云港,高明,25
3774,铁山,上海,25
3787,铁山,宜兴,25
4097,青岛,小榄,25
4498,龙通,洋浦港,25
283,九江（江西）,小铲滩,24
286,九江（江西）,泉州,24
397,南京,黄埔旧港,24
550,厦门,九江（江西）,24
570,厦门,小塘西,24
705,呼和浩特,庙沙围,24
732,唐山,小塘西,24
806,四会,秦皇岛,24
1097,宁波,龙通,24
1380,岳阳,徐州,24
1444,常熟,宜昌,24
1607,德清,虎门,24
1822,日照,小榄,24
1863,日照,马尾,24
1868,日照,黄埔旧港,24
2431,淮安,泉州,24
2838,盘锦,海口,24
2854,盘锦,黄埔旧港,24
2870,石龙,泉州,24
3073,紫金村,广利港,24
3237,茂名水东,营口,24
3370,营口,宜兴,24
3663,连云港,茂名水东,24
3805,铁山,营口,24
3812,铁山,龙通,24
3823,铜陵,营口,24
3889,锦州,昆明,24
4008,长兴,黄埔旧港,24
4381,黄骅,乐平,24
46,三水,小铲滩,23
194,丹东,湛江,23
491,南通,小铲滩,23
1033,宁德,青岛,23
1264,寿光,汕头,23
1674,新会新港,太仓,23
1763,新港,福鼎,23
1817,日照,四会永泰,23
2053,武汉,茂名水东,23
2338,海口,南沙,23
2407,涪陵,营口,23
2481,深圳（大铲湾）,镇江,23
2553,湛江,海口,23
2720,烟台,珠海洪湾,23
3027,秦皇岛,烟台,23
3432,营口,蚌埠,23
3518,虎门,钦州,23
3638,连云港,小榄,23
3775,铁山,乍浦,23
4079,青岛,东江仓,23
4195,马尾,乐平,23
4455,龙口,厦门,23
6,万州,营口,22
59,三水,烟台,22
262,乐平,宁波,22
442,南昌,唐山,22
461,南沙,上海,22
531,博罗,泉州,22
542,博罗,黄骅,22
629,双水小冈,太仓,22
638,双水小冈,泉州,22
1113,安庆,海口,22
1164,宜宾,张家港,22
1623,惠州,梧州（李家庄）,22
1687,新会新港,重庆,22
1814,日照,双水小冈,22
1851,日照,花都（炭步）,22
1977,梧州（李家庄）,泰州,22
2157,泉州,中山,22
2385,海口,龙通,22
2419,淮安,台山,22
2474,深圳（大铲湾）,烟台,22
2650,潍坊,博罗,22
2848,盘锦,荆州,22
2939,福清,湛江,22
2978,秦皇岛,三埠,22
3147,肇庆（新港）,唐山,22
3342,营口,九江（顺德）,22
3444,营口,长兴,22
3471,董家口,汕头,22
3540,蚌埠,贵港,22
3597,赤水,宁波,22
3667,连云港,赤水,22
3752,钦州,深圳（大铲湾）,22
3794,铁山,武汉,22
3921,锦州,茂名水东,22
4385,黄骅,北海,22
4409,黄骅,梧州（李家庄）,22
4495,龙通,日照,22
128,中山,上海,21
136,中山,太仓,21
234,乍浦,汕头,21
265,乐平,新港,21
316,云浮,烟台,21
424,南庄,淮安,21
472,南沙,洋浦港,21
554,厦门,南京,21
559,厦门,台山,21
804,四会,海口,21
913,大连,虎门,21
943,太仓,新会新港,21
974,如皋,深圳（大铲湾）,21
984,威海,四会,21
1121,安庆,虎门,21
1161,宜宾,宜昌,21
1213,宜昌,泸州,21
1296,小塘西,宁波,21
1315,小榄,宁波,21
1509,张家港,大连,21
1759,新港,珠海（高栏）,21
1820,日照,小塘,21
1848,日照,肇庆（三榕）,21
1910,曹妃甸,黄埔旧港,21
2104,江门亚太,连云港,21
2113,江阴,南沙,21
2256,泰州,营口,21
2543,湛江,常州,21
2683,烟台,云浮,21
2705,烟台,张家港,21
2957,福清,青岛,21
2992,秦皇岛,博罗,21
3133,肇庆（三榕）,烟台,21
3224,茂名水东,宜兴,21
3241,茂名水东,防城,21
3255,荆州,外沙,21
3374,营口,小榄,21
3645,连云港,梧州（李家庄）,21
3657,连云港,石龙,21
3732,钦州,宁德,21
3861,锦州,如皋,21
3964,镇江,泉州,21
4072,阳江,锦州,21
4190,顺德新港,马尾,21
4264,高明,小铲滩,21
4501,龙通,烟台,21
81,上海,宜宾,20
143,中山,曹妃甸,20
297,九江（理文）,东莞理文,20
377,南京,湛江,20
444,南昌,太仓,20
488,南通,大连,20
589,厦门,深圳（大铲湾）,20
702,呼和浩特,上海,20
802,四会,泉州,20
825,四会永泰,烟台,20
908,大连,福清,20
912,大连,荆州,20
1080,宁波,茂名水东,20
1091,宁波,顺德新港,20
1116,安庆,烟台,20
1148,宜兴,鹤山,20
1155,宜宾,南通,20
1441,常熟,厦门,20
1682,新会新港,海口,20
1715,新港,双水小冈,20
2012,武汉,南京,20
2120,江阴,小铲滩,20
2122,江阴,日照,20
2123,江阴,昆明,20
2148,池州,连云港,20
2171,泉州,太仓,20
2467,深圳（大铲湾）,曹妃甸,20
2674,潍坊,阳江,20
2804,白坭,烟台,20
2832,盘锦,日照,20
2844,盘锦,神湾,20
2923,福清,小塘,20
3005,秦皇岛,小塘西,20
3066,紫金村,太仓,20
3203,花都（炭步）,唐山,20
3236,茂名水东,荆州,20
3239,茂名水东,连云港,20
3298,荆州,黄埔旧港,20
3325,莱州,钦州,20
3503,虎门,新港,20
3551,贵港,南通,20
3562,贵港,徐州,20
3566,贵港,江阴,20
3661,连云港,花都巴江,20
3728,钦州,外沙,20
4001,长兴,虎门,20
4295,鱼珠,日照,20
4363,黄埔旧港,镇江,20
285,九江（江西）,新港,19
434,南庄,防城,19
459,南昌,青岛,19
535,博罗,秦皇岛,19
641,双水小冈,营口,19
694,合肥,珠海（高栏）,19
848,塘源,长兴,19
853,大丰,中山,19
1136,宜兴,泉州,19
1872,昆明,日照,19
2261,泰州,锦州,19
2643,漳州,黄埔旧港,19
2774,珠海（高栏）,秦皇岛,19
2947,福清,花都巴江,19
3229,茂名水东,泉州,19
3282,荆州,福清,19
3329,莱州,高明,19
3641,连云港,庙沙围,19
4250,马鞍山,鹤山,19
135,中山,大连,18
308,云浮,成都,18
371,南京,汕头,18
387,南京,营口,18
512,南通,重庆,18
518,南通,黄埔旧港,18
654,台山,唐山,18
709,呼和浩特,鱼珠,18
829,四会永泰,连云港,18
1005,宁德,上海,18
1019,宁德,江阴,18
1177,宜宾,烟台,18
1214,宜昌,海口,18
1252,宿迁,贵港,18
1381,岳阳,德清,18
1510,张家港,宁德,18
1540,徐州,乐平,18
1651,扬州,泸州,18
1748,新港,江阴,18
1859,日照,防城,18
1965,梧州（李家庄）,宿迁,18
2005,武汉,三埠,18
2340,海口,厦门,18
2351,海口,宜兴,18
2393,涪陵,中山,18
2398,涪陵,宁德,18
2516,清远清新,青岛,18
2611,漳州,武林,18
2662,潍坊,海口,18
2717,烟台,温州,18
2859,石岛,珠海（高栏）,18
2901,福清,中山,18
2938,福清,深圳（大铲湾）,18
3036,秦皇岛,肇庆（新港）,18
3436,营口,赣州,18
3505,虎门,武林,18
3514,虎门,营口,18
3615,连云港,三埠,18
3694,重庆,宁波,18
3862,锦州,威海,18
4082,青岛,丹东,18
4100,青岛,广浚东江口,18
4112,青岛,泸州,18
4155,顺乐,日照,18
4305,鱼珠,锦州,18
4340,鹤山,海口,18
4440,黄骅,阳江,18
4483,龙口,黄埔旧港,18
102,上海,珠海（高栏）,17
270,乐平,营口,17
318,云浮,连云港,17
390,南京,重庆,17
455,南昌,秦皇岛,17
581,厦门,曹妃甸,17
664,台山,泉州,17
735,唐山,庙沙围,17
1108,安庆,小榄,17
1635,扬州,三水,17
1711,新港,南通,17
2040,武汉,江阴,17
2170,泉州,大连,17
2175,泉州,宜兴,17
2216,泉州,防城,17
2421,淮安,大连,17
2480,深圳（大铲湾）,锦州,17
2490,清远清新,大连,17
2535,湛江,大连,17
2835,盘锦,江阴,17
2849,盘锦,重庆,17
2882,石龙,青岛,17
2883,石龙,黄骅,17
2906,福清,勒流,17
2991,秦皇岛,南通,17
2994,秦皇岛,双水小冈,17
3115,肇庆（三榕）,大连,17
3280,荆州,烟台,17
3452,营口,马鞍山,17
3490,虎门,乍浦,17
3511,虎门,烟台,17
3649,连云港,洋浦港,17
3665,连云港,虎门,17
3686,重庆,上海,17
3916,锦州,肇庆（三榕）,17
4040,防城,烟台,17
4218,马尾,海口,17
4292,鱼珠,宁波,17
14,三埠,唐山,16
232,乍浦,新港,16
602,厦门,虎门,16
625,双水小冈,南京,16
676,台山,锦州,16
748,唐山,温州,16
882,大连,太仓,16
895,大连,武汉,16
953,太仓,石龙,16
1054,宁波,小塘,16
1083,宁波,贵港,16
1270,寿光,漳州,16
1746,新港,武汉,16
1767,新港,肇庆（新港）,16
1782,新港,防城,16
1874,昆明,连云港,16
1888,曹妃甸,宁波,16
1916,李锦记,日照,16
1930,柳州武宣,日照,16
1945,桂平新龙,日照,16
1957,梧州（李家庄）,唐山,16
2023,武汉,太仓,16
2083,汕头,锦州,16
2205,泉州,荆州,16
2232,泰州,厦门,16
2236,泰州,宜宾,16
2305,泸州,茂名水东,16
2462,深圳（大铲湾）,常州,16
2473,深圳（大铲湾）,温州,16
2605,漳州,成都,16
2613,漳州,泸州,16
2872,石龙,洋浦港,16
2929,福清,新会新港,16
3002,秦皇岛,宁德,16
3007,秦皇岛,小铲滩,16
3030,秦皇岛,白坭,16
3150,肇庆（新港）,海口,16
3408,营口,淮安,16
3457,营口,鹤山,16
3593,赤水,唐山,16
3692,重庆,大连,16
3795,铁山,汕头,16
3844,锦州,南庄,16
4002,长兴,重庆,16
4137,青岛,阳江,16
4189,顺德新港,青岛,16
4304,鱼珠,钦州,16
4449,黄骅,龙通,16
4463,龙口,汕头,16
4485,龙通,上海,16
4508,龙通,马尾,16
127,东莞海腾,连云港,15
166,丹东,嘉兴,15
287,九江（江西）,海口,15
346,北海,潍坊,15
379,南京,漳州,15
408,南庄,安庆,15
480,南沙,锦州,15
527,博罗,小铲滩,15
533,博罗,海口,15
637,双水小冈,江阴,15
647,双水小冈,青岛,15
779,嘉兴,泸州,15
793,四会,大连,15
900,大连,海口,15
954,太仓,福清,15
980,威海,东江仓,15
1073,宁波,珠海（高栏）,15
1313,小榄,大连,15
1523,张家港,珠海（高栏）,15
1652,扬州,海口,15
1665,扬州,重庆,15
1796,日照,三埠,15
1834,日照,洋浦港,15
1936,柳州武宣,营口,15
1985,梧州（李家庄）,秦皇岛,15
2020,武汉,四会,15
2147,池州,营口,15
2242,泰州,武汉,15
2249,泰州,湛江,15
2576,湛江海安,泉州,15
2663,潍坊,深圳（大铲湾）,15
2709,烟台,梧州（李家庄）,15
2784,珠海（高栏）,防城,15
2946,福清,肇庆（三榕）,15
3260,荆州,宁波,15
3299,莱州,三埠,15
3468,董家口,小铲滩,15
3499,虎门,小铲滩,15
3544,蚌埠,黄埔旧港,15
3654,连云港,漳州,15
3673,连云港,顺乐,15
3718,重庆,黄埔旧港,15
3891,锦州,梧州（李家庄）,15
3910,锦州,石龙,15
4036,防城,泰州,15
4176,顺德新港,宁波,15
4215,马尾,江阴,15
4333,鹏成,防城,15
4369,黄石,海口,15
105,上海,芜湖,14
167,丹东,四会永泰,14
175,丹东,岳阳,14
207,丹东,钦州,14
271,乐平,连云港,14
273,乐平,锦州,14
335,北海,厦门,14
357,南京,北海,14
362,南京,大连,14
405,南庄,太仓,14
450,南昌,泸州,14
632,双水小冈,小铲滩,14
814,四会,黄骅,14
820,四会永泰,泉州,14
855,大丰,博罗,14
858,大丰,成都,14
885,大连,宜昌,14
918,大连,长沙,14
990,威海,海口,14
1047,宁波,博罗,14
1107,安庆,大连,14
1316,小榄,小铲滩,14
1321,小榄,烟台,14
1443,常熟,大连,14
1447,常熟,泉州,14
1452,常熟,福清,14
1570,徐州,阳江,14
1585,德庆,江阴,14
1633,惠州,防城,14
1705,新港,勒流,14
1717,新港,合肥,14
1764,新港,紫金村,14
1939,柳州武宣,黄骅,14
1954,梧州（李家庄）,厦门,14
1981,梧州（李家庄）,温州,14
1984,梧州（李家庄）,福清,14
2134,江阴,茂名水东,14
2434,淮安,湛江,14
2574,湛江海安,宜昌,14
2685,烟台,南庄,14
2702,烟台,常州,14
2703,烟台,常德,14
2937,福清,淮安,14
2973,福鼎,海口,14
3037,秦皇岛,芜湖,14
3075,紫金村,扬州,14
3253,荆州,台山,14
3660,连云港,肇庆（新港）,14
3700,重庆,新港,14
3773,钦州,龙通,14
3816,铜陵,新港,14
3867,锦州,宜兴,14
4103,青岛,惠州,14
4165,顺乐,锦州,14
4179,顺德新港,日照,14
4180,顺德新港,泉州,14
4380,黄骅,乐从,14
4451,龙口,上海,14
8,三埠,万州,13
159,丹东,云浮,13
179,丹东,新会新港,13
205,丹东,贵港,13
228,乍浦,小铲滩,13
267,乐平,海口,13
396,南京,高明,13
506,南通,福清,13
730,唐山,宁德,13
759,唐山,芜湖,13
791,四会,合肥,13
932,太仓,中山,13
1049,宁波,双水小冈,13
1063,宁波,梧州（李家庄）,13
1105,安庆,云浮,13
1114,安庆,深圳（大铲湾）,13
1179,宜宾,福清,13
1279,小塘,宁波,13
1357,小铲滩,锦州,13
1368,岳阳,南京,13
1544,徐州,台山,13
1545,徐州,唐山,13
1549,徐州,小榄,13
1582,德庆,小铲滩,13
1681,新会新港,洋浦港,13
1735,新港,张家港,13
1780,新港,长兴,13
1804,日照,乐平,13
1933,柳州武宣,海口,13
1942,桂平新龙,外沙,13
2045,武汉,湛江,13
2059,武汉,铜陵,13
2102,江门亚太,烟台,13
2130,江阴,湛江,13
2141,江阴,锦州,13
2146,池州,泉州,13
2181,泉州,成都,13
2201,泉州,秦皇岛,13
2244,泰州,泉州,13
2303,泸州,绍兴,13
2487,清远清新,厦门,13
2509,清远清新,秦皇岛,13
2541,湛江,宿迁,13
2619,漳州,烟台,13
2732,烟台,贵港,13
2769,珠海（高栏）,泉州,13
2813,白坭,马尾,13
2896,神湾,防城,13
2919,福清,大连,13
3003,秦皇岛,宁波,13
3087,紫金村,福清,13
3141,肇庆（三榕）,重庆,13
3406,营口,海安,13
3539,蚌埠,虎门,13
3612,赤水,连云港,13
3616,连云港,三水,13
3632,连云港,台山,13
3652,连云港,清远清新,13
3944,锦州,鹤山,13
3982,长兴,厦门,13
4053,阳江,南京,13
4058,阳江,太仓,13
4095,青岛,小塘,13
4148,顺乐,南京,13
4247,马鞍山,重庆,13
4438,黄骅,铜陵,13
4446,黄骅,鸦岗,13
4467,龙口,深圳（大铲湾）,13
15,三埠,太仓,12
36,三埠,锦州,12
190,丹东,海口,12
247,乍浦,顺德新港,12
281,九江（江西）,大连,12
380,南京,烟台,12
419,南庄,泉州,12
438,南昌,万州,12
553,厦门,北海,12
555,厦门,南庄,12
556,厦门,南沙,12
608,厦门,锦州,12
617,厦门,鱼珠,12
626,双水小冈,南通,12
668,台山,淮安,12
739,唐山,梧州（李家庄）,12
742,唐山,汕头,12
832,四会永泰,青岛,12
1015,宁德,成都,12
1086,宁波,铁山,12
1195,宜昌,嘉兴,12
1236,宿迁,厦门,12
1280,小塘,小铲滩,12
1325,小榄,锦州,12
1471,广利港,漳州,12
1525,张家港,荆州,12
1543,徐州,厦门,12
1932,柳州武宣,泰州,12
1938,柳州武宣,青岛,12
1959,梧州（李家庄）,大麦屿,12
1970,梧州（李家庄）,徐州,12
2245,泰州,泸州,12
2286,泸州,宁波,12
2364,海口,温州,12
2420,淮安,四会,12
2534,湛江,外沙,12
2612,漳州,武汉,12
2652,潍坊,宁波,12
2751,珠海（高栏）,云浮,12
2935,福清,洋浦港,12
2958,福清,顺乐,12
2963,福清,鹏成,12
2987,秦皇岛,北海,12
3126,肇庆（三榕）,曹妃甸,12
3143,肇庆（三榕）,防城,12
3231,茂名水东,漳州,12
3283,荆州,福鼎,12
3309,莱州,小塘,12
3389,营口,新会,12
3467,董家口,小榄,12
3556,贵港,大连,12
3574,贵港,烟台,12
3625,连云港,北海,12
3687,重庆,东洲,12
3709,重庆,福清,12
3841,锦州,云浮,12
3906,锦州,潍坊,12
3986,长兴,小铲滩,12
3993,长兴,湛江,12
4025,防城,威海,12
4113,青岛,洋浦港,12
4135,青岛,长沙,12
4181,顺德新港,洋浦港,12
4430,黄骅,花都巴江,12
4488,龙通,大连,12
4492,龙通,徐州,12
53,三水,泉州,11
64,三水,重庆,11
79,上海,四会,11
112,上海,锦州,11
113,上海,长沙,11
148,中山,烟台,11
169,丹东,宁波,11
320,云浮,锦州,11
367,南京,惠州,11
404,南庄,大连,11
432,南庄,重庆,11
501,南通,湛江,11
513,南通,钦州,11
514,南通,锦州,11
588,厦门,淮安,11
635,双水小冈,日照,11
724,唐山,厦门,11
798,四会,小铲滩,11
822,四会永泰,海口,11
916,大连,钦州,11
927,大连,龙通,11
1042,宁波,云浮,11
1055,宁波,小塘西,11
1056,宁波,小榄,11
1193,宜昌,南通,11
1207,宜昌,德清,11
1231,宿迁,中山,11
1362,小铲滩,鱼珠,11
1372,岳阳,四会,11
1425,常德,三埠,11
1504,张家港,中山,11
1532,张家港,阳江,11
1552,徐州,新会新港,11
1580,德庆,宁波,11
1586,德庆,泉州,11
1593,德庆,营口,11
1637,扬州,勒流,11
1884,曹妃甸,南沙,11
1904,曹妃甸,赤水,11
2014,武汉,南沙,11
2173,泉州,威海,11
2228,泰州,丹东,11
2293,泸州,武汉,11
2294,泸州,汕头,11
2312,泸州,马尾,11
2438,淮安,营口,11
2517,清远清新,马尾,11
2524,湛江,上海,11
2635,漳州,锦州,11
2641,漳州,高明,11
2721,烟台,珠海（高栏）,11
2731,烟台,虎门,11
2770,珠海（高栏）,洋浦港,11
2824,盘锦,太仓,11
2925,福清,小榄,11
2981,秦皇岛,东江仓,11
2988,秦皇岛,南京,11
2995,秦皇岛,台山,11
3042,秦皇岛,重庆,11
3050,秦皇岛,马尾,11
3086,紫金村,烟台,11
3159,芜湖,厦门,11
3162,芜湖,新会新港,11
3176,芜湖,顺德新港,11
3198,花都巴江,锦州,11
3258,荆州,太仓,11
3337,营口,乌冲口,11
3343,营口,云浮,11
3360,营口,塘源,11
3552,贵港,厦门,11
3575,贵港,福清,11
3631,连云港,双水小冈,11
3745,钦州,汕头,11
3848,锦州,南鲲,11
3994,长兴,湛江海安,11
4116,青岛,清远清新,11
4128,青岛,茂名水东,11
4238,马鞍山,厦门,11
4276,高明,烟台,11
4326,鹏成,上海,11
4359,黄埔旧港,芜湖,11
4376,黄骅,上海,11
13,三埠,合肥,10
70,上海,三水,10
93,上海,汕头,10
177,丹东,德清,10
222,乍浦,博罗,10
248,乍浦,高明,10
263,乐平,小铲滩,10
279,九江（江西）,云浮,10
384,南京,秦皇岛,10
402,南庄,合肥,10
467,南沙,小铲滩,10
499,南通,海口,10
530,博罗,曹妃甸,10
627,双水小冈,唐山,10
687,合肥,新港,10
693,合肥,烟台,10
805,四会,烟台,10
817,四会永泰,小铲滩,10
836,塘源,太仓,10
854,大丰,南沙,10
860,大丰,汕头,10
903,大连,温州,10
1036,宁波,三埠,10
1040,宁波,乐平,10
1111,安庆,汕头,10
1159,宜宾,宁波,10
1174,宜宾,海安,10
1180,宜宾,芜湖,10
1198,宜昌,太仓,10
1202,宜昌,宜宾,10
1345,小铲滩,扬州,10
1396,岳阳,青岛,10
1434,常德,营口,10
1438,常德,鹤山,10
1442,常熟,双水小冈,10
1658,扬州,盘锦,10
1673,新会新港,大连,10
1699,新港,乍浦,10
1808,日照,北海,10
1812,日照,博罗,10
1830,日照,武汉,10
1943,桂平新龙,宁波,10
1978,梧州（李家庄）,洋浦港,10
2015,武汉,南通,10
2021,武汉,外沙,10
2042,武汉,泰州,10
2081,汕头,重庆,10
2151,泉州,万州,10
2243,泰州,汕头,10
2246,泰州,海口,10
2251,泰州,珠海（高栏）,10
2269,泸州,三埠,10
2283,泸州,大连,10
2339,海口,南通,10
2372,海口,重庆,10
2403,涪陵,泉州,10
2406,涪陵,珠海（高栏）,10
2445,淮安,阳江,10
2578,漳州,三水,10
2638,漳州,青岛,10
2664,潍坊,湛江,10
2678,烟台,三水,10
2771,珠海（高栏）,海口,10
2789,白坭,合肥,10
2792,白坭,太仓,10
2799,白坭,日照,10
2827,盘锦,小塘,10
2875,石龙,烟台,10
2907,福清,北海,10
2983,秦皇岛,中山,10
3040,秦皇岛,虎门,10
3102,绍兴,烟台,10
3152,肇庆（新港）,连云港,10
3172,芜湖,铁山,10
3186,花都巴江,小铲滩,10
3209,花都（炭步）,洋浦港,10
3305,莱州,厦门,10
3310,莱州,惠州,10
3407,营口,涪陵,10
3473,董家口,海口,10
3504,虎门,曹妃甸,10
3509,虎门,洋浦港,10
3685,鄂尔多斯,漳州,10
3758,钦州,福清,10
3898,锦州,泸州,10
3949,镇江,三水,10
3977,镇江,锦州,10
4069,阳江,福清,10
4121,青岛,白坭,10
4122,青岛,石龙,10
4170,顺德新港,南京,10
4220,马尾,深圳（大铲湾）,10
4317,鸦岗,海口,10
4362,黄埔旧港,锦州,10
4406,黄骅,德清,10
4505,龙通,锦州,10
4510,龙门,湛江,10
1,万州,德清,9
95,上海,泸州,9
98,上海,深圳（大铲湾）,9
355,南京,中山,9
440,南昌,丹东,9
475,南沙,秦皇岛,9
578,厦门,新会新港,9
611,厦门,防城,9
682,合肥,中山,9
707,呼和浩特,福清,9
710,唐山,三埠,9
734,唐山,岳阳,9
773,唐山,顺德新港,9
888,大连,小铲滩,9
998,威海,钦州,9
1050,宁波,台山,9
1261,寿光,厦门,9
1410,常州,海口,9
1412,常州,漳州,9
1423,常州,黄埔旧港,9
1433,常德,海口,9
1594,德庆,连云港,9
1675,新会新港,宁波,9
1684,新会新港,秦皇岛,9
1718,新港,嘉兴,9
1721,新港,外沙,9
1787,新港,马鞍山,9
1815,日照,台山,9
1873,昆明,烟台,9
1882,曹妃甸,九江（顺德）,9
1975,梧州（李家庄）,江阴,9
2018,武汉,台山,9
2024,武汉,如皋,9
2071,汕头,南通,9
2072,汕头,威海,9
2087,汕头,黄骅,9
2179,泉州,张家港,9
2208,泉州,贵港,9
2309,泸州,锦州,9
2310,泸州,青岛,9
2432,淮安,海口,9
2435,淮安,珠海（高栏）,9
2457,深圳（大铲湾）,大连,9
2500,清远清新,江阴,9
2572,湛江海安,宁波,9
2633,漳州,钦州,9
2796,白坭,小铲滩,9
2802,白坭,洋浦港,9
2891,神湾,海口,9
2915,福清,唐山,9
2928,福清,惠州,9
2940,福清,烟台,9
3025,秦皇岛,温州,9
3039,秦皇岛,花都（炭步）,9
3046,秦皇岛,防城,9
3069,紫金村,寿光,9
3265,荆州,德清,9
3531,蚌埠,汕头,9
3624,连云港,云浮,9
3810,铁山,鱼珠,9
3900,锦州,淮安,9
4067,阳江,温州,9
4074,阳江,青岛,9
4260,高明,大连,9
4300,鱼珠,福清,9
4355,黄埔旧港,洋浦港,9
4407,黄骅,惠州,9
4462,龙口,梧州（李家庄）,9
29,三埠,烟台,8
73,上海,云浮,8
129,中山,乍浦,8
139,中山,小铲滩,8
195,丹东,漳州,8
242,乍浦,茂名水东,8
356,南京,云浮,8
374,南京,泸州,8
393,南京,锦州,8
575,厦门,徐州,8
596,厦门,秦皇岛,8
600,厦门,茂名水东,8
695,合肥,白坭,8
827,四会永泰,秦皇岛,8
837,塘源,宁波,8
950,太仓,湛江,8
964,如皋,勒流,8
976,如皋,营口,8
1037,宁波,三水,8
1090,宁波,顺乐,8
1142,宜兴,虎门,8
1149,宜兴,黄埔旧港,8
1172,宜宾,泰州,8
1230,宿迁,三埠,8
1299,小塘西,日照,8
1364,小铲滩,黄骅,8
1393,岳阳,锦州,8
1418,常州,虎门,8
1429,常德,小榄,8
1564,徐州,肇庆（三榕）,8
1597,德清,丹东,8
1598,德清,厦门,8
1615,惠州,唐山,8
1627,惠州,营口,8
1642,扬州,大连,8
1669,扬州,马尾,8
1736,新港,德庆,8
1918,李锦记,连云港,8
1920,柳州武宣,乍浦,8
1928,柳州武宣,扬州,8
1988,梧州（李家庄）,蚌埠,8
1999,武林,外沙,8
2035,武汉,惠州,8
2068,武汉,鹤山,8
2138,江阴,重庆,8
2152,泉州,三埠,8
2217,泉州,阳江,8
2221,泉州,鸦岗,8
2336,海口,南京,8
2426,淮安,成都,8
2436,淮安,石龙,8
2492,清远清新,宁德,8
2495,清远清新,宿迁,8
2671,潍坊,赤水,8
2684,烟台,勒流,8
2692,烟台,台山,8
2755,珠海（高栏）,厦门,8
2829,盘锦,扬州,8
2833,盘锦,武汉,8
2850,盘锦,阳江,8
2874,石龙,海安,8
3012,秦皇岛,扬州,8
3068,紫金村,宿迁,8
3090,紫金村,蚌埠,8
3179,芜湖,黄埔旧港,8
3211,花都（炭步）,烟台,8
3235,茂名水东,茂名水东,8
3510,虎门,海口,8
3533,蚌埠,海口,8
3589,赣州,海口,8
3605,赤水,泉州,8
3606,赤水,洋浦港,8
3712,重庆,莱州,8
3799,铁山,温州,8
3820,铜陵,烟台,8
3831,铜陵,黄埔旧港,8
3932,锦州,铜陵,8
3971,镇江,肇庆（三榕）,8
3999,长兴,茂名水东,8
4042,防城,荆州,8
4083,青岛,乐从,8
4085,青岛,九江（江西）,8
4092,青岛,太仓,8
4096,青岛,小塘西,8
4099,青岛,常德,8
4207,马尾,小塘,8
4226,马尾,重庆,8
4246,马鞍山,虎门,8
4349,黄埔旧港,南通,8
4354,黄埔旧港,泰州,8
4367,黄石,大连,8
4377,黄骅,东江仓,8
4426,黄骅,福清,8
4458,龙口,宁波,8
4468,龙口,湛江,8
4484,龙口,龙通,8
10,三埠,九江（江西）,7
25,三埠,泉州,7
49,三水,日照,7
72,上海,九江（江西）,7
85,上海,小铲滩,7
106,上海,荆州,7
130,中山,南京,7
147,中山,海口,7
251,乍浦,龙通,7
288,九江（江西）,湛江,7
417,南庄,江阴,7
436,南庄,马尾,7
496,南通,汕头,7
525,博罗,太仓,7
569,厦门,小塘,7
593,厦门,珠海洪湾,7
655,台山,太仓,7
725,唐山,双水小冈,7
731,唐山,宁波,7
762,唐山,茂名水东,7
794,四会,太仓,7
799,四会,扬州,7
824,四会永泰,淮安,7
831,四会永泰,防城,7
879,大连,双水小冈,7
897,大连,江阴,7
986,威海,小铲滩,7
1048,宁波,厦门,7
1077,宁波,肇庆（新港）,7
1089,宁波,阳江,7
1176,宜宾,温州,7
1184,宜宾,连云港,7
1189,宜宾,鹤山,7
1204,宜昌,小铲滩,7
1215,宜昌,海安,7
1240,宿迁,新会新港,7
1245,宿迁,湛江,7
1257,宿迁,黄埔旧港,7
1300,小塘西,洋浦港,7
1376,岳阳,宁波,7
1463,广利港,厦门,7
1548,徐州,大连,7
1559,徐州,漳州,7
1560,徐州,珠海（高栏）,7
1587,德庆,洋浦港,7
1654,扬州,湛江,7
1800,日照,东莞海腾,7
1826,日照,李锦记,7
1901,曹妃甸,茂名水东,7
1952,梧州（李家庄）,南京,7
2006,武汉,三水,7
2027,武汉,宁波,7
2029,武汉,小榄,7
2037,武汉,新港,7
2160,泉州,北海,7
2204,泉州,茂名水东,7
2282,泸州,外沙,7
2313,泸州,鹤山,7
2598,漳州,安庆,7
2607,漳州,新会新港,7
2666,潍坊,福清,7
2682,烟台,九江（顺德）,7
2741,烟台,鸦岗,7
2820,盘锦,南通,7
2834,盘锦,汕头,7
2858,石岛,湛江,7
2873,石龙,海口,7
2914,福清,台山,7
2971,福鼎,新港,7
3078,紫金村,江阴,7
3160,芜湖,大连,7
3175,芜湖,顺乐,7
3208,花都（炭步）,泉州,7
3216,花都（炭步）,防城,7
3272,荆州,泰州,7
3287,荆州,虎门,7
3314,莱州,漳州,7
3379,营口,常熟,7
3464,董家口,南沙,7
3487,董家口,龙通,7
3568,贵港,泉州,7
3701,重庆,武汉,7
3729,钦州,大连,7
4019,防城,南京,7
4039,防城,淮安,7
4050,防城,龙通,7
4150,顺乐,大连,7
4168,顺乐,青岛,7
4228,马尾,锦州,7
4273,高明,洋浦港,7
4285,高明,青岛,7
4293,鱼珠,小铲滩,7
4328,鹏成,海口,7
4365,黄石,南通,7
4507,龙通,青岛,7
78,上海,合肥,6
104,上海,福清,6
118,上海,黄石,6
126,东莞海腾,秦皇岛,6
201,丹东,花都巴江,6
220,乍浦,勒流,6
224,乍浦,台山,6
225,乍浦,大连,6
239,乍浦,珠海（高栏）,6
256,乐从,烟台,6
302,云浮,唐山,6
391,南京,钦州,6
401,南庄,厦门,6
452,南昌,深圳（大铲湾）,6
495,南通,武汉,6
540,博罗,长兴,6
545,厦门,东江仓,6
594,厦门,珠海（高栏）,6
620,厦门,黄埔旧港,6
646,双水小冈,防城,6
658,台山,安庆,6
688,合肥,梧州（李家庄）,6
698,合肥,贵港,6
743,唐山,江阴,6
753,唐山,白坭,6
788,嘉兴,青岛,6
859,大丰,梧州（李家庄）,6
910,大连,花都巴江,6
920,大连,青岛,6
936,太仓,厦门,6
1004,宁德,三水,6
1008,宁德,南沙,6
1064,宁波,武林,6
1070,宁波,潍坊,6
1072,宁波,珠海洪湾,6
1133,宜兴,小铲滩,6
1147,宜兴,马尾,6
1154,宜宾,南京,6
1188,宜宾,马尾,6
1196,宜昌,外沙,6
1225,宜昌,重庆,6
1286,小塘,秦皇岛,6
1304,小塘西,芜湖,6
1384,岳阳,江阴,6
1401,常州,云浮,6
1478,广利港,鸦岗,6
1501,张家口,马尾,6
1513,张家港,惠州,6
1531,张家港,长沙,6
1546,徐州,四会,6
1640,扬州,唐山,6
1679,新会新港,泉州,6
1688,新会新港,锦州,6
1706,新港,北海,6
1765,新港,绍兴,6
1774,新港,赣州,6
1821,日照,小塘西,6
1849,日照,肇庆（新港）,6
1924,柳州武宣,唐山,6
1968,梧州（李家庄）,常州,6
1971,梧州（李家庄）,扬州,6
1980,梧州（李家庄）,淮安,6
2001,武林,小铲滩,6
2013,武汉,南庄,6
2049,武汉,盘锦,6
2114,江阴,厦门,6
2128,江阴,海口,6
2169,泉州,四会永泰,6
2225,泉州,龙通,6
2260,泰州,钦州,6
2270,泸州,三水,6
2304,泸州,芜湖,6
2333,海口,上海,6
2342,海口,嘉兴,6
2347,海口,如皋,6
2387,海安,惠州,6
2397,涪陵,太仓,6
2401,涪陵,新港,6
2444,淮安,长沙,6
2582,漳州,乐平,6
2601,漳州,小塘西,6
2616,漳州,深圳（大铲湾）,6
2627,漳州,茂名水东,6
2648,潍坊,中山,6
2689,烟台,博罗,6
2695,烟台,宁德,6
2729,烟台,茂名水东,6
2776,珠海（高栏）,营口,6
2866,石龙,徐州,6
2890,神湾,日照,6
2903,福清,乐从,6
2908,福清,南京,6
2931,福清,桂平新龙,6
2974,福鼎,珠海（高栏）,6
2996,秦皇岛,合肥,6
3015,秦皇岛,无锡,6
3028,秦皇岛,珠海洪湾,6
3034,秦皇岛,绍兴,6
3047,秦皇岛,阳江,6
3062,紫金村,厦门,6
3122,肇庆（三榕）,成都,6
3151,肇庆（新港）,营口,6
3165,芜湖,海口,6
3202,花都（炭步）,万州,6
3270,荆州,江阴,6
3281,荆州,石龙,6
3288,荆州,贵港,6
3304,莱州,南沙,6
3335,营口,东莞海腾,6
3362,营口,大麦屿,6
3433,营口,衡阳,6
3537,蚌埠,茂名水东,6
3560,贵港,常州,6
3582,贵港,镇江,6
3603,赤水,江阴,6
3633,连云港,四会,6
3690,重庆,厦门,6
3697,重庆,岳阳,6
3710,重庆,绍兴,6
3781,铁山,厦门,6
3815,铜陵,小铲滩,6
3821,铜陵,珠海（高栏）,6
3877,锦州,常德,6
3953,镇江,南沙,6
3990,长兴,泉州,6
3997,长兴,石龙,6
4005,长兴,阳江,6
4020,防城,南通,6
4063,阳江,日照,6
4198,马尾,南通,6
4214,马尾,桂平新龙,6
4235,马鞍山,三埠,6
4242,马鞍山,深圳（大铲湾）,6
4249,马鞍山,马尾,6
4284,高明,防城,6
4319,鸦岗,烟台,6
4329,鹏成,秦皇岛,6
4331,鹏成,锦州,6
4364,黄石,南庄,6
4429,黄骅,肇庆（新港）,6
4461,龙口,新会新港,6
4493,龙通,成都,6
28,三埠,淮安,5
43,三水,大连,5
68,三水,青岛,5
82,上海,宜昌,5
86,上海,岳阳,5
109,上海,贵港,5
218,乍浦,乐从,5
291,九江（江西）,绍兴,5
294,九江（江西）,锦州,5
322,云浮,黄骅,5
327,勒流,海口,5
343,北海,江阴,5
365,南京,小榄,5
399,南庄,九江（江西）,5
428,南庄,芜湖,5
464,南沙,太仓,5
557,厦门,南通,5
562,厦门,四会,5
656,台山,如皋,5
660,台山,徐州,5
726,唐山,台山,5
782,嘉兴,烟台,5
786,嘉兴,重庆,5
803,四会,洋浦港,5
864,大丰,营口,5
866,大丰,顺德新港,5
877,大连,南通,5
898,大连,池州,5
911,大连,茂名水东,5
931,太仓,三水,5
960,太仓,马尾,5
1014,宁德,小铲滩,5
1075,宁波,石龙,5
1157,宜宾,大连,5
1160,宜宾,宜兴,5
1186,宜宾,镇江,5
1199,宜昌,如皋,5
1239,宿迁,小榄,5
1241,宿迁,梧州（李家庄）,5
1249,宿迁,肇庆（三榕）,5
1256,宿迁,高明,5
1306,小塘西,连云港,5
1309,小塘西,长兴,5
1369,岳阳,南通,5
1390,岳阳,烟台,5
1467,广利港,梧州（李家庄）,5
1468,广利港,洋浦港,5
1477,广利港,高明,5
1526,张家港,营口,5
1534,张家港,顺德新港,5
1537,徐州,三埠,5
1579,德庆,宁德,5
1592,德庆,秦皇岛,5
1603,德清,烟台,5
1610,德清,马尾,5
1613,惠州,乍浦,5
1636,扬州,中山,5
1647,扬州,新会新港,5
1648,扬州,新港,5
1734,新港,庙沙围,5
1797,日照,三水,5
1798,日照,上海,5
1841,日照,珠海洪湾,5
1861,日照,顺乐,5
1867,日照,鹤山,5
1896,曹妃甸,漳州,5
1961,梧州（李家庄）,如皋,5
2011,武汉,北海,5
2050,武汉,石龙,5
2176,泉州,小榄,5
2183,泉州,新会新港,5
2200,泉州,石龙,5
2268,泰州,黄埔旧港,5
2335,海口,东莞海腾,5
2400,涪陵,张家港,5
2404,涪陵,海口,5
2442,淮安,钦州,5
2499,清远清新,曹妃甸,5
2529,湛江,南沙,5
2556,湛江,烟台,5
2558,湛江,秦皇岛,5
2636,漳州,镇江,5
2661,潍坊,泉州,5
2681,烟台,中山,5
2713,烟台,洋浦港,5
2726,烟台,肇庆（三榕）,5
2742,烟台,鹏成,5
2749,珠海洪湾,黄骅,5
2772,珠海（高栏）,烟台,5
2788,白坭,万州,5
2810,白坭,重庆,5
2822,盘锦,厦门,5
2839,盘锦,淮安,5
2860,石岛,钦州,5
2892,神湾,烟台,5
2911,福清,南通,5
2955,福清,锦州,5
3019,秦皇岛,江阴,5
3063,紫金村,合肥,5
3123,肇庆（三榕）,扬州,5
3177,芜湖,高明,5
3180,花都巴江,乍浦,5
3182,花都巴江,太仓,5
3238,茂名水东,虎门,5
3244,茂名水东,龙门,5
3251,荆州,南通,5
3294,荆州,阳江,5
3317,莱州,福清,5
3322,莱州,茂名水东,5
3475,董家口,湛江,5
3483,董家口,顺乐,5
3485,董家口,高明,5
3488,虎门,上海,5
3498,虎门,宿迁,5
3529,蚌埠,双水小冈,5
3583,贵港,长兴,5
3592,赤水,乍浦,5
3601,赤水,日照,5
3626,连云港,南庄,5
3656,连云港,白坭,5
3762,钦州,虎门,5
4011,长沙,小铲滩,5
4029,防城,扬州,5
4052,阳江,东洲,5
4077,青岛,三水,5
4105,青岛,新沙,5
4129,青岛,荆州,5
4159,顺乐,海口,5
4173,顺德新港,大连,5
4196,马尾,勒流,5
4225,马尾,连云港,5
4346,鹤山,防城,5
4368,黄石,泸州,5
4382,黄骅,九江（顺德）,5
4453,龙口,北海,5
4460,龙口,德庆,5
4491,龙通,小铲滩,5
22,三埠,扬州,4
37,三埠,青岛,4
57,三水,海安,4
69,上海,万州,4
96,上海,海口,4
115,上海,马鞍山,4
125,东莞海腾,新港,4
156,丹东,上海,4
162,丹东,南沙,4
176,丹东,徐州,4
178,丹东,成都,4
203,丹东,茂名水东,4
206,丹东,重庆,4
209,丹东,阳江,4
227,乍浦,小榄,4
235,乍浦,泉州,4
253,乐从,宁波,4
261,乐平,大连,4
280,九江（江西）,厦门,4
293,九江（江西）,重庆,4
306,云浮,安庆,4
321,云浮,防城,4
341,北海,新港,4
344,北海,泉州,4
392,南京,铁山,4
398,南庄,万州,4
426,南庄,福清,4
503,南通,烟台,4
511,南通,贵港,4
543,厦门,三水,4
583,厦门,武林,4
584,厦门,武汉,4
585,厦门,江阴,4
618,厦门,鸦岗,4
623,双水小冈,上海,4
633,双水小冈,常州,4
643,双水小冈,重庆,4
648,台山,乍浦,4
663,台山,江阴,4
670,台山,福清,4
714,唐山,东莞海腾,4
740,唐山,武林,4
839,塘源,广利港,4
852,外沙,烟台,4
874,大连,勒流,4
892,大连,扬州,4
909,大连,肇庆（新港）,4
937,太仓,台山,4
945,太仓,昆明,4
946,太仓,汕头,4
947,太仓,泉州,4
983,威海,台山,4
989,威海,洋浦港,4
1044,宁波,北海,4
1074,宁波,白坭,4
1084,宁波,赤水,4
1104,安吉,黄埔旧港,4
1130,宜兴,大连,4
1146,宜兴,阳江,4
1162,宜宾,宿迁,4
1175,宜宾,淮安,4
1220,宜昌,福清,4
1229,宜昌,黄埔旧港,4
1247,宿迁,白坭,4
1253,宿迁,阳江,4
1288,小塘,锦州,4
1294,小塘西,大连,4
1342,小铲滩,常州,4
1349,小铲滩,海安,4
1365,岳阳,三水,4
1388,岳阳,温州,4
1397,岳阳,黄埔旧港,4
1399,常州,中山,4
1408,常州,汕头,4
1411,常州,深圳（大铲湾）,4
1413,常州,烟台,4
1414,常州,珠海（高栏）,4
1435,常德,贵港,4
1437,常德,锦州,4
1458,常熟,钦州,4
1464,广利港,宁德,4
1476,广利港,钦州,4
1479,广利港,黄埔旧港,4
1484,张家口,云浮,4
1533,张家港,顺乐,4
1561,徐州,白坭,4
1568,徐州,赤水,4
1577,德庆,南通,4
1596,德清,中山,4
1629,惠州,郑州,4
1680,新会新港,泰州,4
1892,曹妃甸,泰州,4
1902,曹妃甸,虎门,4
1908,曹妃甸,顺德新港,4
1923,柳州武宣,合肥,4
1925,柳州武宣,嘉兴,4
1940,柳州武宣,龙口,4
1949,桂平新龙,青岛,4
1962,梧州（李家庄）,宁德,4
1986,梧州（李家庄）,芜湖,4
2028,武汉,小塘西,4
2038,武汉,武林,4
2061,武汉,长兴,4
2077,汕头,海口,4
2094,江门亚太,常州,4
2095,江门亚太,张家港,4
2096,江门亚太,扬州,4
2110,江阴,中山,4
2126,江阴,泉州,4
2133,江阴,福清,4
2192,泉州,海安,4
2202,泉州,肇庆（三榕）,4
2211,泉州,钦州,4
2212,泉州,铁山,4
2218,泉州,顺德新港,4
2276,泸州,南昌,4
2290,泸州,惠州,4
2319,洋浦港,成都,4
2328,洋浦港,防城,4
2329,洋浦港,鸦岗,4
2344,海口,大连,4
2361,海口,泰州,4
2365,海口,漳州,4
2375,海口,镇江,4
2388,海安,泉州,4
2389,海安,深圳（大铲湾）,4
2415,淮安,乐平,4
2430,淮安,汕头,4
2443,淮安,锦州,4
2446,淮安,顺乐,4
2447,淮安,顺德新港,4
2469,深圳（大铲湾）,泉州,4
2488,清远清新,合肥,4
2506,清远清新,温州,4
2521,温州,深圳（大铲湾）,4
2560,湛江,莱州,4
2573,湛江海安,宜兴,4
2592,漳州,台山,4
2599,漳州,宜兴,4
2624,漳州,神湾,4
2639,漳州,顺乐,4
2737,烟台,顺德新港,4
2748,珠海洪湾,防城,4
2814,白坭,黄骅,4
2821,盘锦,博罗,4
2847,盘锦,花都（炭步）,4
2856,石岛,南沙,4
2863,石龙,大连,4
2904,福清,乐平,4
2985,秦皇岛,九江（江西）,4
3001,秦皇岛,太仓,4
3045,秦皇岛,长沙,4
3061,紫金村,南通,4
3074,紫金村,徐州,4
3099,绍兴,唐山,4
3105,绍兴,虎门,4
3106,绍兴,重庆,4
3112,肇庆（三榕）,厦门,4
3118,肇庆（三榕）,安庆,4
3154,肇庆（新港）,长兴,4
3178,芜湖,鹤山,4
3210,花都（炭步）,海口,4
3240,茂名水东,锦州,4
3256,荆州,大丰,4
3259,荆州,宁德,4
3264,荆州,德庆,4
3275,荆州,淮安,4
3276,荆州,深圳（大铲湾）,4
3289,荆州,赤水,4
3290,荆州,连云港,4
3291,荆州,重庆,4
3303,莱州,北海,4
3307,莱州,四会永泰,4
3308,莱州,宁德,4
3313,莱州,泉州,4
3378,营口,常德,4
3456,营口,鹏成,4
3460,营口,龙口,4
3472,董家口,泉州,4
3486,董家口,鸦岗,4
3526,蚌埠,中山,4
3534,蚌埠,深圳（大铲湾）,4
3547,西宁,汕头,4
3569,贵港,泰州,4
3576,贵港,秦皇岛,4
3579,贵港,蚌埠,4
3585,贵港,马尾,4
3598,赤水,安庆,4
3602,赤水,曹妃甸,4
3608,赤水,温州,4
3609,赤水,烟台,4
3618,连云港,东江仓,4
3677,连云港,鱼珠,4
3688,重庆,九江（江西）,4
3699,重庆,新会新港,4
3706,重庆,温州,4
3725,钦州,厦门,4
3736,钦州,宿迁,4
3760,钦州,芜湖,4
3807,铁山,锦州,4
3819,铜陵,漳州,4
3870,锦州,宿迁,4
3878,锦州,常熟,4
3890,锦州,桂平新龙,4
3969,镇江,白坭,4
3984,长兴,小塘,4
3985,长兴,小塘西,4
3989,长兴,汕头,4
4003,长兴,钦州,4
4024,防城,太仓,4
4028,防城,张家港,4
4064,阳江,泉州,4
4088,青岛,南庄,4
4136,青岛,防城,4
4156,顺乐,曹妃甸,4
4187,顺德新港,锦州,4
4200,马尾,台山,4
4217,马尾,洋浦港,4
4221,马尾,湛江,4
4236,马鞍山,上海,4
4243,马鞍山,湛江,4
4271,高明,泉州,4
4288,鱼珠,厦门,4
4314,鸦岗,日照,4
4315,鸦岗,曹妃甸,4
4322,鸦岗,连云港,4
4350,黄埔旧港,太仓,4
4356,黄埔旧港,海口,4
4358,黄埔旧港,福清,4
4413,黄骅,洋浦港,4
4456,龙口,四会永泰,4
4472,龙口,福鼎,4
4476,龙口,重庆,4
4481,龙口,鸦岗,4
18,三埠,安庆,3
19,三埠,宜昌,3
40,三水,南京,3
51,三水,江阴,3
80,上海,大连,3
88,上海,惠州,3
111,上海,铜陵,3
114,上海,青岛,3
120,东江仓,宁波,3
184,丹东,武汉,3
216,乍浦,三水,3
226,乍浦,宁波,3
229,乍浦,惠州,3
266,乐平,武汉,3
269,乐平,荆州,3
275,九江（江西）,万州,3
289,九江（江西）,烟台,3
303,云浮,大连,3
334,北海,南昌,3
353,南京,万州,3
370,南京,武汉,3
386,南京,茂名水东,3
413,南庄,扬州,3
420,南庄,泰州,3
435,南庄,青岛,3
437,南庄,黄骅,3
477,南沙,连云港,3
484,南通,北海,3
614,厦门,顺乐,3
615,厦门,顺德新港,3
680,台山,马尾,3
685,合肥,大连,3
713,唐山,东江仓,3
750,唐山,漳州,3
756,唐山,福鼎,3
763,唐山,荆州,3
797,四会,安庆,3
838,塘源,寿光,3
843,塘源,泉州,3
844,塘源,烟台,3
845,塘源,营口,3
847,塘源,连云港,3
850,外沙,三水,3
880,大连,台山,3
919,大连,防城,3
929,太仓,万州,3
959,太仓,锦州,3
966,如皋,小铲滩,3
1003,宁德,三埠,3
1006,宁德,乐平,3
1018,宁德,梧州（李家庄）,3
1041,宁波,九江（顺德）,3
1078,宁波,花都巴江,3
1145,宜兴,锦州,3
1169,宜宾,汕头,3
1197,宜昌,大丰,3
1200,宜昌,宁德,3
1201,宜昌,宁波,3
1208,宜昌,惠州,3
1212,宜昌,泉州,3
1217,宜昌,深圳（大铲湾）,3
1254,宿迁,顺德新港,3
1263,寿光,新会新港,3
1265,寿光,泉州,3
1273,寿光,钦州,3
1278,小塘,唐山,3
1297,小塘西,常熟,3
1301,小塘西,海口,3
1311,小塘西,青岛,3
1319,小榄,洋浦港,3
1320,小榄,海口,3
1324,小榄,连云港,3
1331,小铲滩,九江（江西）,3
1377,岳阳,小铲滩,3
1432,常德,泉州,3
1470,广利港,深圳（大铲湾）,3
1473,广利港,白坭,3
1551,徐州,惠州,3
1563,徐州,福清,3
1574,德庆,上海,3
1576,德庆,南京,3
1583,德庆,新港,3
1602,德清,深圳（大铲湾）,3
1608,德清,重庆,3
1644,扬州,小榄,3
1803,日照,乐从,3
1807,日照,勒流,3
1837,日照,清远清新,3
1839,日照,湛江海安,3
1877,曹妃甸,三水,3
1893,曹妃甸,海口,3
1953,梧州（李家庄）,南通,3
1956,梧州（李家庄）,合肥,3
2031,武汉,常州,3
2051,武汉,福清,3
2093,江门亚太,安庆,3
2100,江门亚太,洋浦港,3
2119,江阴,小榄,3
2140,江阴,铁山,3
2142,江阴,青岛,3
2166,泉州,台山,3
2199,泉州,珠海（高栏）,3
2215,泉州,长沙,3
2226,泰州,三埠,3
2227,泰州,三水,3
2229,泰州,乐平,3
2263,泰州,阳江,3
2301,泸州,烟台,3
2357,海口,武汉,3
2369,海口,芜湖,3
2390,海安,珠海（高栏）,3
2396,涪陵,大连,3
2425,淮安,惠州,3
2440,淮安,贵港,3
2454,深圳（大铲湾）,合肥,3
2471,深圳（大铲湾）,洋浦港,3
2486,清远清新,南通,3
2523,温州,黄埔旧港,3
2525,湛江,中山,3
2585,漳州,勒流,3
2621,漳州,珠海（高栏）,3
2642,漳州,鹤山,3
2646,潍坊,三水,3
2647,潍坊,东江仓,3
2668,潍坊,肇庆（三榕）,3
2672,潍坊,重庆,3
2728,烟台,花都（炭步）,3
2745,珠海洪湾,新港,3
2760,珠海（高栏）,宜兴,3
2781,珠海（高栏）,铜陵,3
2791,白坭,大连,3
2801,白坭,泉州,3
2864,石龙,宁波,3
2894,神湾,营口,3
2922,福清,威海,3
2967,福鼎,南庄,3
2969,福鼎,小塘西,3
2970,福鼎,小铲滩,3
2977,福鼎,黄埔旧港,3
2997,秦皇岛,嘉兴,3
3000,秦皇岛,外沙,3
3010,秦皇岛,德庆,3
3014,秦皇岛,新沙,3
3044,秦皇岛,镇江,3
3070,紫金村,小铲滩,3
3071,紫金村,常州,3
3083,紫金村,淮安,3
3084,紫金村,温州,3
3103,绍兴,珠海（高栏）,3
3116,肇庆（三榕）,太仓,3
3134,肇庆（三榕）,福清,3
3145,肇庆（三榕）,马尾,3
3153,肇庆（新港）,锦州,3
3156,芜湖,中山,3
3161,芜湖,小铲滩,3
3191,花都巴江,海口,3
3205,花都（炭步）,小铲滩,3
3233,茂名水东,福清,3
3246,荆州,三水,3
3261,荆州,小塘,3
3262,荆州,小榄,3
3266,荆州,惠州,3
3328,莱州,马尾,3
3344,营口,勒流,3
3437,营口,赤水,3
3501,虎门,张家港,3
3502,虎门,扬州,3
3512,虎门,秦皇岛,3
3521,虎门,镇江,3
3524,虎门,青岛,3
3543,蚌埠,鹤山,3
3614,赤水,青岛,3
3619,连云港,东莞海腾,3
3705,重庆,深圳（大铲湾）,3
3779,铁山,南沙,3
3825,铜陵,钦州,3
3928,锦州,赤水,3
3950,镇江,乐平,3
3951,镇江,云浮,3
3960,镇江,新会新港,3
3975,镇江,贵港,3
3979,镇江,马尾,3
4021,防城,博罗,3
4023,防城,大连,3
4054,阳江,南通,3
4068,阳江,烟台,3
4130,青岛,虎门,3
4177,顺德新港,小铲滩,3
4182,顺德新港,海口,3
4205,马尾,如皋,3
4216,马尾,泰州,3
4227,马尾,钦州,3
4237,马鞍山,南庄,3
4241,马鞍山,武汉,3
4286,高明,黄骅,3
4290,鱼珠,外沙,3
4307,鱼珠,青岛,3
4310,鸦岗,宁波,3
4323,鸦岗,锦州,3
4450,龙口,三埠,3
4457,龙口,宁德,3
4471,龙口,福清,3
4480,龙口,马尾,3
0,万州,如皋,2
2,万州,江阴,2
11,三埠,南通,2
12,三埠,厦门,2
21,三埠,徐州,2
58,三水,淮安,2
65,三水,钦州,2
77,上海,台山,2
84,上海,小榄,2
87,上海,常熟,2
97,上海,涪陵,2
99,上海,湛江,2
100,上海,漳州,2
103,上海,石龙,2
108,上海,虎门,2
116,上海,高明,2
124,东洲,虎门,2
133,中山,嘉兴,2
140,中山,张家港,2
142,中山,日照,2
155,中山,青岛,2
157,丹东,东江仓,2
160,丹东,勒流,2
163,丹东,博罗,2
170,丹东,安庆,2
172,丹东,宜昌,2
174,丹东,小铲滩,2
181,丹东,昆明,2
182,丹东,梧州（李家庄）,2
183,丹东,武林,2
189,丹东,泸州,2
196,丹东,石龙,2
199,丹东,肇庆（三榕）,2
204,丹东,虎门,2
213,丹东,黄埔旧港,2
233,乍浦,梧州（李家庄）,2
249,乍浦,鱼珠,2
250,乍浦,鸦岗,2
259,乐平,乍浦,2
260,乐平,南通,2
276,九江（江西）,上海,2
295,九江（江西）,青岛,2
299,云浮,万州,2
332,北海,上海,2
336,北海,嘉兴,2
350,北海,蚌埠,2
359,南京,双水小冈,2
363,南京,宜宾,2
385,南京,肇庆（新港）,2
406,南庄,如皋,2
409,南庄,宜兴,2
411,南庄,徐州,2
416,南庄,曹妃甸,2
418,南庄,池州,2
430,南庄,蚌埠,2
449,南昌,泰州,2
465,南沙,威海,2
469,南沙,日照,2
471,南沙,泉州,2
478,南沙,钦州,2
482,南通,三水,2
483,南通,中山,2
486,南通,台山,2
494,南通,武林,2
502,南通,漳州,2
516,南通,阳江,2
519,南通,黄骅,2
522,博罗,合肥,2
551,厦门,云浮,2
552,厦门,勒流,2
561,厦门,嘉兴,2
568,厦门,宜宾,2
574,厦门,常熟,2
586,厦门,泰州,2
595,厦门,石龙,2
609,厦门,镇江,2
610,厦门,长沙,2
612,厦门,阳江,2
621,厦门,黄骅,2
630,双水小冈,如皋,2
649,台山,九江（江西）,2
652,台山,厦门,2
653,台山,合肥,2
665,台山,泰州,2
704,呼和浩特,宁波,2
712,唐山,上海,2
729,唐山,太仓,2
769,唐山,镇江,2
780,嘉兴,涪陵,2
783,嘉兴,珠海（高栏）,2
790,四会,南昌,2
816,四会永泰,安庆,2
818,四会永泰,张家港,2
830,四会永泰,锦州,2
833,四会永泰,黄骅,2
834,塘源,上海,2
857,大丰,台山,2
887,大连,小榄,2
889,大连,岳阳,2
902,大连,清远清新,2
904,大连,湛江,2
914,大连,贵港苏湾,2
921,大连,顺乐,2
924,大连,鱼珠,2
938,太仓,唐山,2
973,如皋,泸州,2
997,威海,贵港,2
1000,威海,高明,2
1001,威海,鸦岗,2
1012,宁德,大连,2
1020,宁德,泸州,2
1051,宁波,四会,2
1052,宁波,四会永泰,2
1062,宁波,曹妃甸,2
1103,安吉,锦州,2
1123,安庆,钦州,2
1144,宜兴,钦州,2
1150,宜宾,三埠,2
1158,宜宾,太仓,2
1173,宜宾,海口,2
1178,宜宾,珠海（高栏）,2
1181,宜宾,茂名水东,2
1203,宜昌,小塘,2
1218,宜昌,湛江海安,2
1223,宜昌,虎门,2
1226,宜昌,钦州,2
1228,宜昌,长兴,2
1233,宿迁,乐平,2
1234,宿迁,南沙,2
1243,宿迁,海口,2
1248,宿迁,福清,2
1260,寿光,博罗,2
1262,寿光,惠州,2
1267,寿光,海口,2
1268,寿光,深圳（大铲湾）,2
1269,寿光,湛江,2
1276,寿光,鱼珠,2
1289,小塘,防城,2
1291,小塘西,上海,2
1314,小榄,宁德,2
1327,小榄,黄骅,2
1332,小铲滩,南京,2
1371,岳阳,嘉兴,2
1379,岳阳,常熟,2
1383,岳阳,无锡,2
1394,岳阳,镇江,2
1403,常州,台山,2
1405,常州,小铲滩,2
1415,常州,秦皇岛,2
1416,常州,茂名水东,2
1421,常州,马尾,2
1424,常州,黄骅,2
1436,常德,钦州,2
1439,常熟,九江（江西）,2
1448,常熟,海口,2
1451,常熟,珠海（高栏）,2
1466,广利港,新会新港,2
1474,广利港,虎门,2
1475,广利港,贵港,2
1505,张家港,乐从,2
1506,张家港,南昌,2
1507,张家港,南沙,2
1514,张家港,新会新港,2
1524,张家港,福清,2
1529,张家港,铁山,2
1530,张家港,锦州,2
1535,张家港,高明,2
1538,徐州,三水,2
1541,徐州,南庄,2
1553,徐州,新港,2
1562,徐州,石龙,2
1575,德庆,乍浦,2
1599,德清,小榄,2
1601,德清,汕头,2
1606,德清,营口,2
1609,德清,锦州,2
1626,惠州,烟台,2
1634,扬州,三埠,2
1646,扬州,惠州,2
1649,扬州,汕头,2
1659,扬州,石龙,2
1661,扬州,肇庆（三榕）,2
1664,扬州,贵港,2
1666,扬州,钦州,2
1672,新会新港,唐山,2
1683,新会新港,烟台,2
1741,新港,昆明,2
1805,日照,九江（顺德）,2
1843,日照,白坭,2
1878,曹妃甸,上海,2
1883,曹妃甸,南京,2
1886,曹妃甸,厦门,2
1898,曹妃甸,福清,2
1921,柳州武宣,南京,2
1927,柳州武宣,宁波,2
1931,柳州武宣,江阴,2
1934,柳州武宣,温州,2
1946,桂平新龙,洋浦港,2
1964,梧州（李家庄）,宜兴,2
2002,武林,洋浦港,2
2025,武汉,威海,2
2026,武汉,宁德,2
2032,武汉,张家港,2
2046,武汉,湛江海安,2
2057,武汉,重庆,2
2066,武汉,马尾,2
2082,汕头,钦州,2
2086,汕头,青岛,2
2099,江门亚太,泰州,2
2103,江门亚太,芜湖,2
2109,江阴,三水,2
2112,江阴,乐从,2
2125,江阴,汕头,2
2132,江阴,珠海（高栏）,2
2137,江阴,贵港,2
2155,泉州,东江仓,2
2156,泉州,东洲,2
2161,泉州,南京,2
2168,泉州,嘉兴,2
2174,泉州,安庆,2
2186,泉州,桂平新龙,2
2187,泉州,武林,2
2190,泉州,泸州,2
2194,泉州,清远清新,2
2198,泉州,珠海洪湾,2
2207,泉州,虎门,2
2209,泉州,连云港,2
2222,泉州,鹏成,2
2231,泰州,南庄,2
2235,泰州,宁德,2
2237,泰州,小榄,2
2253,泰州,肇庆（新港）,2
2258,泰州,贵港,2
2278,泸州,台山,2
2281,泸州,四会,2
2289,泸州,张家港,2
2321,洋浦港,日照,2
2334,海口,东江仓,2
2337,海口,南昌,2
2345,海口,大麦屿,2
2354,海口,德清,2
2367,海口,珠海（高栏）,2
2380,海口,马尾,2
2386,海安,南庄,2
2391,海安,虎门,2
2395,涪陵,南通,2
2399,涪陵,小塘,2
2408,涪陵,虎门,2
2423,淮安,小铲滩,2
2427,淮安,昆明,2
2452,深圳（大铲湾）,南通,2
2463,深圳（大铲湾）,张家港,2
2464,深圳（大铲湾）,成都,2
2468,深圳（大铲湾）,江阴,2
2491,清远清新,太仓,2
2502,清远清新,泰州,2
2510,清远清新,芜湖,2
2514,清远清新,长兴,2
2571,湛江海安,南通,2
2575,湛江海安,日照,2
2580,漳州,东莞海腾,2
2581,漳州,中山,2
2590,漳州,博罗,2
2591,漳州,双水小冈,2
2610,漳州,梧州（李家庄）,2
2625,漳州,肇庆（三榕）,2
2637,漳州,阳江,2
2649,潍坊,北海,2
2653,潍坊,小塘西,2
2656,潍坊,庙沙围,2
2658,潍坊,新会新港,2
2659,潍坊,梧州（李家庄）,2
2667,潍坊,福鼎,2
2669,潍坊,茂名水东,2
2706,烟台,德清,2
2716,烟台,清远清新,2
2725,烟台,紫金村,2
2727,烟台,花都巴江,2
2746,珠海洪湾,烟台,2
2747,珠海洪湾,秦皇岛,2
2752,珠海（高栏）,南京,2
2777,珠海（高栏）,蚌埠,2
2797,白坭,扬州,2
2800,白坭,江阴,2
2805,白坭,福清,2
2816,盘锦,东江仓,2
2818,盘锦,九江（江西）,2
2823,盘锦,合肥,2
2826,盘锦,安庆,2
2861,石龙,万州,2
2865,石龙,小铲滩,2
2880,石龙,锦州,2
2885,神湾,大连,2
2888,神湾,小铲滩,2
2913,福清,双水小冈,2
2921,福清,如皋,2
2951,福清,虎门,2
2956,福清,阳江,2
2975,福鼎,营口,2
3006,秦皇岛,小榄,2
3008,秦皇岛,常州,2
3032,秦皇岛,神湾,2
3055,秦皇岛,黄石,2
3060,紫金村,南京,2
3064,紫金村,唐山,2
3081,紫金村,洋浦港,2
3131,肇庆（三榕）,海安,2
3132,肇庆（三榕）,淮安,2
3137,肇庆（三榕）,荆州,2
3139,肇庆（三榕）,蚌埠,2
3144,肇庆（三榕）,青岛,2
3146,肇庆（三榕）,黄骅,2
3148,肇庆（新港）,扬州,2
3155,肇庆（新港）,防城,2
3158,芜湖,南庄,2
3169,芜湖,石龙,2
3192,花都巴江,淮安,2
3194,花都巴江,福清,2
3217,花都（炭步）,青岛,2
3218,茂名水东,上海,2
3225,茂名水东,常州,2
3226,茂名水东,徐州,2
3230,茂名水东,温州,2
3248,荆州,中山,2
3249,荆州,云浮,2
3250,荆州,北海,2
3257,荆州,大连,2
3274,荆州,海安,2
3277,荆州,湛江,2
3292,荆州,钦州,2
3296,荆州,高明,2
3297,荆州,鹤山,2
3302,莱州,云浮,2
3315,莱州,珠海（高栏）,2
3380,营口,广浚东江口,2
3384,营口,德庆,2
3466,董家口,宁波,2
3470,董家口,新会新港,2
3477,董家口,福清,2
3478,董家口,肇庆（三榕）,2
3479,董家口,茂名水东,2
3480,董家口,重庆,2
3489,虎门,东洲,2
3493,虎门,外沙,2
3497,虎门,宁波,2
3500,虎门,常州,2
3507,虎门,泉州,2
3519,虎门,铁山,2
3535,蚌埠,珠海（高栏）,2
3572,贵港,淮安,2
3573,贵港,湛江,2
3588,赣州,小铲滩,2
3594,赤水,大连,2
3596,赤水,如皋,2
3613,赤水,锦州,2
3628,连云港,南鲲,2
3634,连云港,四会永泰,2
3640,连云港,岳阳,2
3642,连云港,惠州,2
3671,连云港,阳江,2
3674,连云港,顺德新港,2
3691,重庆,外沙,2
3702,重庆,汕头,2
3764,钦州,钦州,2
3772,钦州,龙口,2
3780,铁山,南通,2
3789,铁山,小铲滩,2
3801,铁山,福清,2
3822,铜陵,茂名水东,2
3827,铜陵,青岛,2
3830,铜陵,鱼珠,2
3842,锦州,勒流,2
3856,锦州,四会永泰,2
3873,锦州,小榄,2
3879,锦州,广浚东江口,2
3881,锦州,徐州,2
3956,镇江,大连,2
3976,镇江,钦州,2
3978,镇江,阳江,2
3983,长兴,塘源,2
3996,长兴,白坭,2
3998,长兴,神湾,2
4027,防城,安庆,2
4033,防城,汕头,2
4049,防城,龙口,2
4055,阳江,厦门,2
4059,阳江,如皋,2
4071,阳江,连云港,2
4084,青岛,乐平,2
4086,青岛,九江（顺德）,2
4106,青岛,昆明,2
4108,青岛,武林,2
4144,青岛,鹤山,2
4157,顺乐,江阴,2
4158,顺乐,泰州,2
4166,顺乐,镇江,2
4175,顺德新港,宁德,2
4194,马尾,中山,2
4199,马尾,博罗,2
4210,马尾,德清,2
4211,马尾,惠州,2
4222,马尾,烟台,2
4230,马尾,青岛,2
4231,马尾,顺乐,2
4234,马尾,龙通,2
4244,马鞍山,珠海（高栏）,2
4248,马鞍山,阳江,2
4252,高明,万州,2
4257,高明,厦门,2
4263,高明,安庆,2
4281,高明,重庆,2
4291,鱼珠,大连,2
4341,鹤山,烟台,2
4348,黄埔旧港,南京,2
4353,黄埔旧港,张家港,2
4357,黄埔旧港,烟台,2
4372,黄石,赤水,2
4379,黄骅,乌冲口,2
4399,黄骅,安庆,2
4401,黄骅,小塘西,2
4427,黄骅,福鼎,2
4441,黄骅,顺乐,2
4452,龙口,中山,2
4473,龙口,茂名水东,2
4477,龙口,钦州,2
4482,龙口,鹏成,2
4,万州,深圳（大铲湾）,1
7,万州,虎门,1
9,三埠,乍浦,1
16,三埠,如皋,1
30,三埠,福清,1
31,三埠,秦皇岛,1
32,三埠,芜湖,1
38,三埠,黄骅,1
39,三水,乍浦,1
41,三水,合肥,1
45,三水,安庆,1
47,三水,广利港,1
50,三水,曹妃甸,1
52,三水,池州,1
54,三水,泰州,1
55,三水,洋浦港,1
60,三水,福清,1
75,上海,南通,1
83,上海,小塘,1
91,上海,梧州（李家庄）,1
122,东江仓,温州,1
123,东江仓,营口,1
131,中山,南通,1
134,中山,外沙,1
138,中山,安庆,1
144,中山,江阴,1
145,中山,泉州,1
146,中山,洋浦港,1
153,中山,镇江,1
161,丹东,南昌,1
171,丹东,宜兴,1
173,丹东,小塘西,1
200,丹东,芜湖,1
202,丹东,花都（炭步）,1
215,乍浦,三埠,1
219,乍浦,九江（顺德）,1
240,乍浦,肇庆（三榕）,1
241,乍浦,花都（炭步）,1
245,乍浦,锦州,1
252,乐从,大连,1
255,乐从,海口,1
258,乐从,防城,1
264,乐平,常州,1
268,乐平,烟台,1
272,乐平,钦州,1
274,乐平,防城,1
278,九江（江西）,丹东,1
284,九江（江西）,常熟,1
296,九江（江西）,马尾,1
298,九江（顺德）,海口,1
310,云浮,日照,1
324,勒流,宁波,1
325,勒流,小铲滩,1
328,勒流,秦皇岛,1
333,北海,南京,1
338,北海,宁波,1
340,北海,德清,1
342,北海,日照,1
345,北海,洋浦港,1
347,北海,烟台,1
351,北海,锦州,1
364,南京,宜昌,1
369,南京,昆明,1
378,南京,湛江海安,1
382,南京,石龙,1
383,南京,福清,1
400,南庄,南京,1
412,南庄,成都,1
423,南庄,海安,1
448,南昌,曹妃甸,1
453,南昌,湛江,1
460,南沙,三水,1
462,南沙,乍浦,1
470,南沙,江阴,1
487,南通,四会,1
489,南通,宁德,1
490,南通,小塘,1
505,南通,石龙,1
507,南通,福鼎,1
508,南通,茂名水东,1
515,南通,防城,1
521,博罗,南通,1
547,厦门,丹东,1
564,厦门,如皋,1
566,厦门,宁波,1
571,厦门,小榄,1
577,厦门,扬州,1
582,厦门,梧州（李家庄）,1
598,厦门,肇庆（三榕）,1
603,厦门,贵港,1
604,厦门,连云港,1
607,厦门,铁山,1
619,厦门,鹤山,1
628,双水小冈,大连,1
644,双水小冈,锦州,1
645,双水小冈,镇江,1
650,台山,南京,1
651,台山,南通,1
672,台山,芜湖,1
675,台山,重庆,1
677,台山,长兴,1
679,台山,青岛,1
681,台山,黄骅,1
699,合肥,锦州,1
727,唐山,嘉兴,1
741,唐山,武汉,1
766,唐山,重庆,1
778,嘉兴,太仓,1
781,嘉兴,深圳（大铲湾）,1
785,嘉兴,虎门,1
787,嘉兴,锦州,1
795,四会,如皋,1
808,四会,蚌埠,1
810,四会,重庆,1
813,四会,马尾,1
821,四会永泰,洋浦港,1
823,四会永泰,海安,1
826,四会永泰,福清,1
840,塘源,新港,1
842,塘源,江阴,1
846,塘源,蚌埠,1
849,外沙,三埠,1
851,外沙,海口,1
868,大连,三埠,1
872,大连,乍浦,1
875,大连,南庄,1
886,大连,小塘西,1
891,大连,惠州,1
894,大连,日照,1
923,大连,高明,1
926,大连,黄石,1
930,太仓,三埠,1
935,太仓,南沙,1
939,太仓,四会,1
940,太仓,宜昌,1
958,太仓,钦州,1
961,太仓,黄埔旧港,1
963,如皋,万州,1
965,如皋,宜昌,1
969,如皋,日照,1
970,如皋,武汉,1
971,如皋,汕头,1
978,如皋,锦州,1
979,如皋,黄埔旧港,1
996,威海,虎门,1
1022,宁德,湛江,1
1023,宁德,潍坊,1
1028,宁德,秦皇岛,1
1038,宁波,东江仓,1
1076,宁波,肇庆（三榕）,1
1094,宁波,鹏成,1
1099,安吉,汕头,1
1100,安吉,泸州,1
1102,安吉,重庆,1
1115,安庆,湛江,1
1117,安庆,珠海（高栏）,1
1119,安庆,茂名水东,1
1122,安庆,贵港,1
1124,安庆,锦州,1
1126,宜兴,中山,1
1127,宜兴,南庄,1
1128,宜兴,南沙,1
1131,宜兴,宜宾,1
1132,宜兴,小塘西,1
1139,宜兴,漳州,1
1152,宜宾,丹东,1
1168,宜宾,武汉,1
1190,宜宾,龙口,1
1192,宜昌,南京,1
1205,宜昌,常州,1
1206,宜昌,常熟,1
1209,宜昌,新港,1
1211,宜昌,江阴,1
1216,宜昌,淮安,1
1219,宜昌,石龙,1
1224,宜昌,连云港,1
1235,宿迁,南鲲,1
1237,宿迁,台山,1
1238,宿迁,太仓,1
1242,宿迁,泉州,1
1250,宿迁,营口,1
1266,寿光,洋浦港,1
1271,寿光,石龙,1
1275,寿光,马尾,1
1282,小塘,曹妃甸,1
1283,小塘,泉州,1
1284,小塘,洋浦港,1
1290,小塘,黄骅,1
1292,小塘西,乍浦,1
1334,小铲滩,南通,1
1337,小铲滩,嘉兴,1
1341,小铲滩,小铲滩,1
1344,小铲滩,惠州,1
1350,小铲滩,淮安,1
1353,小铲滩,苏州,1
1363,小铲滩,鸦岗,1
1373,岳阳,大丰,1
1378,岳阳,常州,1
1389,岳阳,潍坊,1
1391,岳阳,福清,1
1395,岳阳,防城,1
1398,岳阳,龙口,1
1400,常州,乐从,1
1402,常州,厦门,1
1404,常州,大连,1
1407,常州,武汉,1
1409,常州,泉州,1
1426,常德,丹东,1
1428,常德,大连,1
1430,常德,小铲滩,1
1453,常熟,秦皇岛,1
1454,常熟,营口,1
1456,常熟,贵港,1
1459,常熟,高明,1
1472,广利港,珠海（高栏）,1
1503,张家港,三水,1
1519,张家港,海口,1
1528,张家港,重庆,1
1542,徐州,南沙,1
1547,徐州,塘源,1
1554,徐州,梧州（李家庄）,1
1567,徐州,贵港,1
1569,徐州,钦州,1
1572,徐州,马尾,1
1581,德庆,安庆,1
1589,德庆,温州,1
1590,德庆,烟台,1
1595,德庆,长兴,1
1600,德清,新港,1
1604,德清,珠海（高栏）,1
1605,德清,白坭,1
1618,惠州,小铲滩,1
1622,惠州,日照,1
1625,惠州,海口,1
1631,惠州,锦州,1
1632,惠州,长沙,1
1639,扬州,台山,1
1641,扬州,四会,1
1643,扬州,小塘西,1
1656,扬州,烟台,1
1667,扬州,锦州,1
1668,扬州,顺乐,1
1671,新会新港,乍浦,1
1690,新会新港,黄骅,1
1697,新港,东莞海腾,1
1722,新港,大麦屿,1
1731,新港,常州,1
1732,新港,常熟,1
1742,新港,李锦记,1
1779,新港,镇江,1
1811,日照,南鲲,1
1818,日照,如皋,1
1879,曹妃甸,东江仓,1
1881,曹妃甸,九江（江西）,1
1887,曹妃甸,大麦屿,1
1890,曹妃甸,新沙,1
1891,曹妃甸,泉州,1
1894,曹妃甸,深圳（大铲湾）,1
1895,曹妃甸,温州,1
1899,曹妃甸,肇庆（三榕）,1
1903,曹妃甸,贵港,1
1906,曹妃甸,阳江,1
1909,曹妃甸,马尾,1
1911,曹妃甸,龙通,1
1919,柳州武宣,上海,1
1922,柳州武宣,南通,1
1926,柳州武宣,太仓,1
1935,柳州武宣,潍坊,1
1937,柳州武宣,锦州,1
1974,梧州（李家庄）,曹妃甸,1
1996,步凤,肇庆（三榕）,1
2033,武汉,德庆,1
2052,武汉,肇庆（三榕）,1
2062,武汉,防城,1
2064,武汉,青岛,1
2070,汕头,万州,1
2073,汕头,张家港,1
2084,汕头,镇江,1
2111,江阴,丹东,1
2115,江阴,四会,1
2116,江阴,宁德,1
2118,江阴,小塘,1
2124,江阴,武汉,1
2127,江阴,泸州,1
2131,江阴,烟台,1
2136,江阴,虎门,1
2139,江阴,钦州,1
2143,江阴,顺乐,1
2145,池州,南庄,1
2149,池州,锦州,1
2150,池州,黄埔旧港,1
2158,泉州,丹东,1
2165,泉州,博罗,1
2180,泉州,惠州,1
2203,泉州,花都巴江,1
2230,泰州,勒流,1
2233,泰州,台山,1
2234,泰州,四会,1
2238,泰州,小铲滩,1
2241,泰州,武林,1
2248,泰州,温州,1
2254,泰州,茂名水东,1
2255,泰州,荆州,1
2262,泰州,长沙,1
2264,泰州,顺乐,1
2266,泰州,高明,1
2267,泰州,鹤山,1
2274,泸州,云浮,1
2279,泸州,合肥,1
2280,泸州,嘉兴,1
2285,泸州,宁德,1
2297,泸州,泰州,1
2302,泸州,神湾,1
2308,泸州,连云港,1
2341,海口,唐山,1
2352,海口,小铲滩,1
2358,海口,汕头,1
2373,海口,钦州,1
2379,海口,顺乐,1
2381,海口,鱼珠,1
2392,海安,黄埔旧港,1
2394,涪陵,南沙,1
2402,涪陵,汕头,1
2409,涪陵,锦州,1
2422,淮安,小塘,1
2424,淮安,岳阳,1
2429,淮安,梧州（李家庄）,1
2437,淮安,茂名水东,1
2451,深圳（大铲湾）,上海,1
2453,深圳（大铲湾）,厦门,1
2456,深圳（大铲湾）,嘉兴,1
2461,深圳（大铲湾）,小铲滩,1
2470,深圳（大铲湾）,泰州,1
2475,深圳（大铲湾）,白坭,1
2494,清远清新,安庆,1
2503,清远清新,洋浦港,1
2505,清远清新,淮安,1
2508,清远清新,福清,1
2519,温州,南沙,1
2522,温州,茂名水东,1
2536,湛江,大麦屿,1
2570,湛江,龙口,1
2577,湛江海安,黄骅,1
2584,漳州,云浮,1
2586,漳州,南京,1
2594,漳州,外沙,1
2600,漳州,宜宾,1
2604,漳州,惠州,1
2606,漳州,扬州,1
2615,漳州,涪陵,1
2620,漳州,珠海洪湾,1
2622,漳州,白坭,1
2623,漳州,石龙,1
2630,漳州,赤水,1
2631,漳州,连云港,1
2634,漳州,铁山,1
2640,漳州,顺德新港,1
2645,漳州,龙通,1
2651,潍坊,双水小冈,1
2654,潍坊,小榄,1
2657,潍坊,德庆,1
2660,潍坊,汕头,1
2665,潍坊,珠海（高栏）,1
2673,潍坊,钦州,1
2675,潍坊,马尾,1
2691,烟台,双水小冈,1
2697,烟台,小塘,1
2699,烟台,小榄,1
2701,烟台,岳阳,1
2707,烟台,惠州,1
2722,烟台,石龙,1
2724,烟台,福鼎,1
2735,烟台,长沙,1
2753,珠海（高栏）,南沙,1
2758,珠海（高栏）,威海,1
2768,珠海（高栏）,江阴,1
2775,珠海（高栏）,芜湖,1
2783,珠海（高栏）,长兴,1
2787,珠海（高栏）,黄骅,1
2793,白坭,如皋,1
2795,白坭,安庆,1
2807,白坭,芜湖,1
2828,盘锦,小榄,1
2857,石岛,深圳（大铲湾）,1
2871,石龙,泰州,1
2886,神湾,威海,1
2897,福清,三埠,1
2898,福清,三水,1
2916,福清,嘉兴,1
2918,福清,四会永泰,1
2927,福清,德庆,1
2933,福清,江阴,1
2944,福清,神湾,1
2948,福清,花都（炭步）,1
2952,福清,连云港,1
2999,秦皇岛,四会永泰,1
3029,秦皇岛,珠海（高栏）,1
3051,秦皇岛,高明,1
3059,紫金村,九江（江西）,1
3072,紫金村,常熟,1
3088,紫金村,秦皇岛,1
3107,绍兴,锦州,1
3111,肇庆（三榕）,乍浦,1
3120,肇庆（三榕）,常州,1
3136,肇庆（三榕）,芜湖,1
3157,芜湖,北海,1
3183,花都巴江,如皋,1
3190,花都巴江,泉州,1
3200,花都巴江,青岛,1
3201,花都巴江,黄骅,1
3220,茂名水东,合肥,1
3228,茂名水东,江阴,1
3234,茂名水东,秦皇岛,1
3242,茂名水东,鱼珠,1
3245,荆州,三埠,1
3267,荆州,新会新港,1
3278,荆州,湛江海安,1
3279,荆州,漳州,1
3285,荆州,茂名水东,1
3318,莱州,福鼎,1
3320,莱州,肇庆（三榕）,1
3323,莱州,虎门,1
3383,营口,徐州,1
3462,董家口,万州,1
3482,董家口,阳江,1
3494,虎门,大连,1
3506,虎门,江阴,1
3508,虎门,泰州,1
3520,虎门,锦州,1
3522,虎门,长兴,1
3525,虎门,黄骅,1
3538,蚌埠,营口,1
3541,蚌埠,锦州,1
3542,蚌埠,顺德新港,1
3546,衡阳,泰州,1
3567,贵港,池州,1
3590,赣州,营口,1
3591,赤水,上海,1
3595,赤水,太仓,1
3604,赤水,池州,1
3610,赤水,福清,1
3621,连云港,乌冲口,1
3644,连云港,桂平新龙,1
3689,重庆,南庄,1
3695,重庆,安吉,1
3711,重庆,芜湖,1
3715,重庆,连云港,1
3716,重庆,长兴,1
3717,重庆,马尾,1
3747,钦州,池州,1
3754,钦州,潍坊,1
3756,钦州,珠海洪湾,1
3766,钦州,镇江,1
3782,铁山,合肥,1
3784,铁山,大连,1
3798,铁山,海口,1
3802,铁山,绍兴,1
3813,铜陵,南沙,1
3818,铜陵,深圳（大铲湾）,1
3824,铜陵,虎门,1
3826,铜陵,锦州,1
3828,铜陵,马尾,1
3857,锦州,塘源,1
3866,锦州,安庆,1
3909,锦州,白坭,1
3911,锦州,神湾,1
3913,锦州,福鼎,1
3914,锦州,紫金村,1
3952,镇江,勒流,1
3958,镇江,小榄,1
3965,镇江,泸州,1
3970,镇江,福清,1
3981,镇江,黄骅,1
3988,长兴,新港,1
4006,长兴,顺德新港,1
4007,长兴,马尾,1
4009,长沙,大连,1
4014,长沙,海口,1
4056,阳江,唐山,1
4075,青岛,万州,1
4076,青岛,三埠,1
4080,青岛,东莞海腾,1
4102,青岛,德庆,1
4118,青岛,湛江海安,1
4124,青岛,福鼎,1
4147,顺乐,上海,1
4161,顺乐,福清,1
4169,顺乐,黄骅,1
4174,顺德新港,太仓,1
4191,顺德新港,黄骅,1
4193,马尾,东莞海腾,1
4201,马尾,唐山,1
4202,马尾,四会,1
4203,马尾,大连,1
4204,马尾,太仓,1
4206,马尾,威海,1
4208,马尾,小塘西,1
4212,马尾,新会新港,1
4219,马尾,淮安,1
4223,马尾,石龙,1
4232,马尾,鸦岗,1
4233,马尾,黄骅,1
4239,马鞍山,大连,1
4255,高明,南沙,1
4258,高明,合肥,1
4266,高明,徐州,1
4270,高明,江阴,1
4277,高明,福清,1
4287,鱼珠,上海,1
4309,鸦岗,南京,1
4311,鸦岗,宜兴,1
4312,鸦岗,小铲滩,1
4316,鸦岗,泉州,1
4318,鸦岗,温州,1
4320,鸦岗,秦皇岛,1
4324,鸦岗,防城,1
4325,鸦岗,黄骅,1
4336,鹤山,太仓,1
4339,鹤山,日照,1
4344,鹤山,连云港,1
4351,黄埔旧港,如皋,1
4352,黄埔旧港,宁波,1
4360,黄埔旧港,营口,1
4361,黄埔旧港,重庆,1
4366,黄石,嘉兴,1
4373,黄石,锦州,1
4393,黄骅,嘉兴,1
4415,黄骅,海安,1
4459,龙口,小铲滩,1
4470,龙口,珠海洪湾,1
4478,龙口,顺乐,1
4490,龙通,安庆,1
4497,龙通,泉州,1
4500,龙通,温州,1
